,0.703864865,,,,,,,62082.07568,1793209338,,,,42549.34595,19163.39459
system,total cpu usage,,,,,,dsk/total,,memory usage,,,,net/total,
date/time,usr,sys,idl,wai,hiq,siq,read,writ,used,buff,cach,free,recv,send
2019/10/10 3:07,10.777,2.757,86.466,0,0,0,0,0,1616838656,90816512,2424729600,4257538048,2168,1548
2019/10/10 3:07,38.346,3.258,58.145,0,0,0.251,0,0,1700671488,90816512,2424729600,4173705216,1522,1183
2019/10/10 3:07,29.146,2.261,68.593,0,0,0,0,262144,1734688768,90816512,2424791040,4139626496,17372,648946
2019/10/10 3:07,0.752,0,99.248,0,0,0,0,0,1734955008,90816512,2424811520,4139339776,5805,11901
2019/10/10 3:07,0.251,0.251,99.499,0,0,0,0,0,1734955008,90816512,2424811520,4139339776,1452,810
2019/10/10 3:07,0.25,0.5,98.75,0.5,0,0,0,368640,1734955008,90816512,2424811520,4139339776,6870,4752
2019/10/10 3:07,0.501,0.251,99.248,0,0,0,0,49152,1734955008,90816512,2424811520,4139339776,6719,3307
2019/10/10 3:07,0.752,0.501,98.747,0,0,0,0,0,1735090176,90816512,2424819712,4139196416,2893,1742
2019/10/10 3:07,0.756,0,99.244,0,0,0,0,0,1735200768,90816512,2424836096,4139069440,11039,16299
2019/10/10 3:07,0.499,0.499,99.002,0,0,0,0,0,1735335936,90816512,2424844288,4138926080,3613,2241
2019/10/10 3:07,0.251,0.251,99.499,0,0,0,0,0,1735319552,90816512,2424844288,4138942464,2832,1634
2019/10/10 3:07,0.252,0,99.244,0.504,0,0,0,65536,1735319552,90816512,2424844288,4138942464,4463,1852
2019/10/10 3:07,0.499,0.499,99.002,0,0,0,0,49152,1735319552,90816512,2424844288,4138942464,6112,20871
2019/10/10 3:07,0.501,0.251,99.248,0,0,0,0,0,1735286784,90816512,2424844288,4138975232,4448,5662
2019/10/10 3:07,0.251,0.251,99.497,0,0,0,0,16384,1735286784,90816512,2424844288,4138975232,9727,15592
2019/10/10 3:07,0.754,0.251,98.995,0,0,0,0,0,1735409664,90816512,2424848384,4138848256,4635,16099
2019/10/10 3:07,0.503,0.251,99.246,0,0,0,0,0,1735409664,90816512,2424848384,4138848256,8170,12585
2019/10/10 3:07,0.501,0.251,98.997,0.251,0,0,0,81920,1735409664,90816512,2424848384,4138848256,6250,23988
2019/10/10 3:07,0.251,0.251,99.499,0,0,0,0,0,1735385088,90816512,2424856576,4138864640,4036,9443
2019/10/10 3:07,0.504,0,99.496,0,0,0,0,0,1735368704,90816512,2424856576,4138881024,2848,1680
2019/10/10 3:07,0.5,0.25,99.25,0,0,0,0,0,1735368704,90816512,2424856576,4138881024,4932,2166
2019/10/10 3:07,0.251,0.251,99.497,0,0,0,0,0,1735364608,90816512,2424860672,4138881024,4831,2347
2019/10/10 3:07,0.251,0.251,98.997,0.501,0,0,0,40960,1735360512,90816512,2424864768,4138881024,3341,2018
2019/10/10 3:07,0.251,0.251,99.499,0,0,0,0,0,1735360512,90816512,2424864768,4138881024,4493,2747
2019/10/10 3:07,0.501,0.251,99.248,0,0,0,0,0,1735360512,90816512,2424864768,4138881024,3466,1980
2019/10/10 3:07,0.251,0,99.749,0,0,0,0,0,1735360512,90816512,2424864768,4138881024,2736,1657
2019/10/10 3:07,0.5,0.25,99.25,0,0,0,0,0,1735360512,90816512,2424864768,4138881024,6350,2700
2019/10/10 3:07,0.503,0,93.97,5.528,0,0,0,32768,1735352320,90816512,2424872960,4138881024,5217,2579
2019/10/10 3:07,0.25,0.25,98,1.5,0,0,0,8192,1735352320,90816512,2424872960,4138881024,2982,1936
2019/10/10 3:07,0.251,0.251,99.497,0,0,0,0,0,1735348224,90816512,2424877056,4138881024,4271,2343
2019/10/10 3:07,0.251,0.501,99.248,0,0,0,0,0,1735344128,90816512,2424881152,4138881024,3131,1765
2019/10/10 3:07,0.251,0.251,99.248,0,0,0.251,0,0,1735344128,90816512,2424881152,4138881024,2587,1657
2019/10/10 3:07,0.5,0.25,99.25,0,0,0,0,10805248,1735344128,90816512,2424881152,4138881024,4273,2111
2019/10/10 3:07,0.501,0.251,95.99,3.258,0,0,0,188416,1735344128,90816512,2424881152,4138881024,3134,1761
2019/10/10 3:07,0.251,0,99.749,0,0,0,0,0,1735335936,90816512,2424881152,4138889216,2590,1653
2019/10/10 3:07,0.251,0.251,99.499,0,0,0,0,0,1735335936,90816512,2424881152,4138889216,4275,2111
2019/10/10 3:07,0.501,0.251,99.248,0,0,0,0,8192,1735335936,90816512,2424881152,4138889216,4904,3036
2019/10/10 3:07,0.501,0.251,99.248,0,0,0,0,393216,1735335936,90816512,2424881152,4138889216,2590,1653
2019/10/10 3:07,0.501,0.251,90.727,8.521,0,0,0,40960,1735335936,90816512,2424881152,4138889216,4275,2127
2019/10/10 3:07,0.251,0.251,99.499,0,0,0,0,0,1735335936,90816512,2424881152,4138889216,3134,1761
2019/10/10 3:07,0.251,0.251,99.497,0,0,0,0,0,1735335936,90816512,2424881152,4138889216,2590,1637
2019/10/10 3:07,0.25,0.5,99.25,0,0,0,0,0,1735335936,90816512,2424881152,4138889216,4275,2111
2019/10/10 3:07,0.5,0.25,99.25,0,0,0,0,40960,1735335936,90816512,2424881152,4138889216,3134,1745
2019/10/10 3:07,0.251,0.251,99.499,0,0,0,0,0,1735335936,90816512,2424881152,4138889216,2590,1653
2019/10/10 3:07,0.252,0,99.244,0.504,0,0,0,40960,1735335936,90816512,2424881152,4138889216,4275,2111
2019/10/10 3:07,0,0.251,99.749,0,0,0,0,0,1735335936,90816512,2424881152,4138889216,3134,1761
2019/10/10 3:07,0.251,0.251,99.499,0,0,0,0,0,1735335936,90816512,2424881152,4138889216,2854,2313
2019/10/10 3:07,0.25,0.25,99.5,0,0,0,0,0,1735335936,90816512,2424881152,4138889216,4275,2111
2019/10/10 3:07,0.25,0.25,99.5,0,0,0,0,0,1735335936,90816512,2424881152,4138889216,3134,1745
2019/10/10 3:07,0.251,0,99.749,0,0,0,0,0,1735335936,90816512,2424881152,4138889216,2590,1637
2019/10/10 3:07,0.501,0.251,98.997,0.251,0,0,0,32768,1735335936,90816512,2424881152,4138889216,4275,2111
2019/10/10 3:08,0.503,0.251,99.246,0,0,0,0,0,1735335936,90816512,2424881152,4138889216,3134,1761
2019/10/10 3:08,0.251,0.251,99.499,0,0,0,0,16384,1735368704,90816512,2424881152,4138856448,2590,1637
2019/10/10 3:08,0.251,0.251,99.497,0,0,0,0,0,1735368704,90816512,2424881152,4138856448,4275,2127
2019/10/10 3:08,0.75,0.5,98.75,0,0,0,0,90112,1735368704,90816512,2424881152,4138856448,12692,6535
2019/10/10 3:08,1.253,0,98.496,0.251,0,0,0,139264,1735364608,90816512,2424885248,4138856448,17313,10678
2019/10/10 3:08,9.596,1.263,88.131,1.01,0,0,0,253952,1764823040,90816512,2424897536,4109385728,30159,664318
2019/10/10 3:08,0.501,0.251,99.248,0,0,0,0,0,1764941824,90816512,2424913920,4109250560,2034,2367
2019/10/10 3:08,0.5,0.25,99.25,0,0,0,0,0,1764941824,90816512,2424913920,4109250560,3032,1773
2019/10/10 3:08,0.251,0.251,99.499,0,0,0,0,0,1764814848,90816512,2424913920,4109377536,5366,3941
2019/10/10 3:08,0.756,0.756,98.489,0,0,0,0,40960,1768382464,90816512,2424913920,4105809920,8110,4638
2019/10/10 3:08,0.251,0.251,98.995,0.503,0,0,0,73728,1768394752,90816512,2424918016,4105793536,3574,2327
2019/10/10 3:08,0.75,0.25,98.75,0,0,0.25,0,188416,1767428096,90816512,2424946688,4106731520,11721,17422
2019/10/10 3:08,0.5,0.25,99.25,0,0,0,0,0,1767301120,90816512,2424946688,4106858496,3835,1773
2019/10/10 3:08,0.5,0.25,99.25,0,0,0,0,0,1767297024,90816512,2424950784,4106858496,2921,1679
2019/10/10 3:08,0.251,0.501,99.248,0,0,0,0,0,1767153664,90816512,2424950784,4107001856,4552,2003
2019/10/10 3:08,0.251,0,99.749,0,0,0,0,0,1766858752,90816512,2424950784,4107296768,6489,21444
2019/10/10 3:08,0.752,0.251,97.744,1.253,0,0,0,139264,1766842368,90816512,2424950784,4107313152,5465,5468
2019/10/10 3:08,0.5,0.25,99.25,0,0,0,0,0,1767092224,90816512,2424954880,4107059200,8798,21613
2019/10/10 3:08,0.503,0.251,99.246,0,0,0,0,0,1767096320,90816512,2424967168,4107042816,5351,12177
2019/10/10 3:08,0.501,0.251,99.248,0,0,0,0,0,1767223296,90816512,2424967168,4106915840,7241,31173
2019/10/10 3:08,0.251,0.251,99.497,0,0,0,0,0,1767194624,90816512,2424971264,4106940416,4758,9249
2019/10/10 3:08,0.501,0.251,98.747,0.501,0,0,0,204800,1767051264,90816512,2424971264,4107083776,4558,2325
2019/10/10 3:08,0.251,0.251,99.499,0,0,0,0,0,1766920192,90816512,2424975360,4107210752,5111,2525
2019/10/10 3:08,0.251,0.251,99.497,0,0,0,0,0,1766920192,90816512,2424975360,4107210752,4671,2244
2019/10/10 3:08,0.752,0.251,98.997,0,0,0,0,0,1766883328,90816512,2424979456,4107243520,3327,2091
2019/10/10 3:08,0.251,0.251,99.499,0,0,0,0,0,1766916096,90816512,2424979456,4107210752,2973,1807
2019/10/10 3:08,0.251,0,99.749,0,0,0,0,0,1766912000,90816512,2424983552,4107210752,4584,2475
2019/10/10 3:08,0.501,0.251,98.747,0.501,0,0,0,65536,1766912000,90816512,2424983552,4107210752,10376,5032
2019/10/10 3:08,0.504,0.504,98.992,0,0,0,0,221184,1766879232,90816512,2424999936,4107227136,25568,14248
2019/10/10 3:08,1,0.25,98.75,0,0,0,0,8192,1766866944,90816512,2425012224,4107227136,10356,5455
2019/10/10 3:08,4.03,7.305,87.406,1.259,0,0,0,344064,1795186688,90816512,2425032704,4078886912,24965,667382
2019/10/10 3:08,0.251,0,99.749,0,0,0,0,8192,1794969600,90816512,2425040896,4079095808,1490,826
2019/10/10 3:08,0.251,0.251,99.499,0,0,0,0,0,1794969600,90816512,2425040896,4079095808,5457,2725
2019/10/10 3:08,0.752,0.251,98.997,0,0,0,0,16384,1794842624,90816512,2425040896,4079222784,5331,4269
2019/10/10 3:08,1.504,0.752,97.744,0,0,0,0,24576,1801146368,90816512,2425044992,4072914944,6136,3183
2019/10/10 3:08,0.754,0.251,98.744,0.251,0,0,0,32768,1801269248,90816512,2425065472,4072771584,5338,4138
2019/10/10 3:08,0.5,0.25,99,0.25,0,0,0,8192,1801367552,90816512,2425069568,4072669184,11549,20040
2019/10/10 3:08,0.251,0,99.749,0,0,0,0,0,1801367552,90816512,2425069568,4072669184,3106,1653
2019/10/10 3:08,0.251,0.251,99.499,0,0,0,0,0,1801359360,90816512,2425069568,4072677376,6442,13303
2019/10/10 3:08,0.501,0.251,98.997,0,0,0.251,0,8192,1801351168,90816512,2425069568,4072685568,4670,3621
2019/10/10 3:08,0.251,0.251,99.499,0,0,0,0,8192,1801187328,90816512,2425073664,4072845312,3650,2620
2019/10/10 3:08,0.252,0.252,99.244,0.252,0,0,0,262144,1801039872,90816512,2425077760,4072988672,5694,3031
2019/10/10 3:08,0.5,0.25,99.25,0,0,0,0,0,1801035776,90816512,2425081856,4072988672,3993,2306
2019/10/10 3:08,0.754,0.251,98.995,0,0,0,0,0,1801035776,90816512,2425081856,4072988672,12529,32515
2019/10/10 3:08,0.503,0.251,99.246,0,0,0,0,0,1801011200,90816512,2425081856,4073013248,10460,73263
2019/10/10 3:08,0.251,0.251,99.497,0,0,0,0,0,1800994816,90816512,2425081856,4073029632,3479,1877
2019/10/10 3:08,0.501,0,98.747,0.752,0,0,0,147456,1800994816,90816512,2425081856,4073029632,3529,1967
2019/10/10 3:08,0.251,0.501,99.248,0,0,0,0,0,1800990720,90816512,2425085952,4073029632,4500,1977
2019/10/10 3:08,0.503,0,99.497,0,0,0,0,0,1800990720,90816512,2425085952,4073029632,3413,1745
2019/10/10 3:08,0.251,0.251,99.497,0,0,0,0,0,1800990720,90816512,2425085952,4073029632,2869,1637
2019/10/10 3:08,0.5,0.25,99.25,0,0,0,0,0,1800990720,90816512,2425085952,4073029632,4876,2177
2019/10/10 3:08,0.252,0.252,98.992,0.504,0,0,0,131072,1800990720,90816512,2425085952,4073029632,3505,2173
2019/10/10 3:08,0.501,0.251,99.248,0,0,0,0,0,1800990720,90816512,2425085952,4073029632,3097,1653
2019/10/10 3:08,0.501,0.251,99.248,0,0,0,0,0,1800990720,90816512,2425085952,4073029632,6666,14947
2019/10/10 3:08,0.501,0.501,98.997,0,0,0,0,0,1801121792,90816512,2425085952,4072898560,6567,3244
2019/10/10 3:08,0.5,0.25,99.25,0,0,0,0,0,1801240576,90816512,2425094144,4072771584,5443,3436
2019/10/10 3:08,0.501,0.251,99.248,0,0,0,0,114688,1801113600,90816512,2425094144,4072898560,10783,5485
2019/10/10 3:08,0.252,0,98.489,1.259,0,0,0,32768,1801101312,90816512,2425106432,4072898560,5051,2787
2019/10/10 3:08,0.503,0.251,99.246,0,0,0,0,0,1801097216,90816512,2425110528,4072898560,2801,2420
2019/10/10 3:08,0.5,0.25,99.25,0,0,0,0,0,1801097216,90816512,2425110528,4072898560,4201,2217
2019/10/10 3:09,0.251,0.251,99.497,0,0,0,0,0,1801097216,90816512,2425110528,4072898560,3168,1915
2019/10/10 3:09,0.251,0.251,99.497,0,0,0,0,16384,1801080832,90816512,2425110528,4072914944,2570,1637
2019/10/10 3:09,0.251,0.501,97.494,1.754,0,0,0,40960,1801080832,90816512,2425110528,4072914944,3657,1869
2019/10/10 3:09,0.752,0.251,98.997,0,0,0,0,0,1801080832,90816512,2425110528,4072914944,3658,1870
2019/10/10 3:09,0.251,0.251,99.497,0,0,0,0,0,1802612736,90816512,2425110528,4071383040,2834,2278
2019/10/10 3:09,0.251,0.251,99.497,0,0,0,0,0,1802612736,90816512,2425110528,4071383040,4201,1961
2019/10/10 3:09,0.501,0.501,98.997,0,0,0,0,0,1802612736,90816512,2425110528,4071383040,3114,1745
2019/10/10 3:09,0,0.251,99.749,0,0,0,0,8192,1802604544,90816512,2425110528,4071391232,3549,2314
2019/10/10 3:09,0.25,0.5,98.75,0.5,0,0,0,40960,1802604544,90816512,2425110528,4071391232,4255,2127
2019/10/10 3:09,0.501,0,99.499,0,0,0,0,0,1802604544,90816512,2425110528,4071391232,3114,1761
2019/10/10 3:09,0.503,0.251,99.246,0,0,0,0,0,1802604544,90816512,2425110528,4071391232,2570,1637
2019/10/10 3:09,0.501,0.251,99.248,0,0,0,0,65536,1802604544,90816512,2425110528,4071391232,4255,2111
2019/10/10 3:09,0.251,0.251,99.499,0,0,0,0,0,1802731520,90816512,2425110528,4071264256,3114,1761
2019/10/10 3:09,0.251,0.251,99.499,0,0,0,0,0,1802731520,90816512,2425110528,4071264256,2618,1691
2019/10/10 3:09,0.25,0.5,99,0.25,0,0,0,65536,1802735616,90816512,2425110528,4071260160,4387,2177
2019/10/10 3:09,0.251,0,99.749,0,0,0,0,0,1802854400,90816512,2425110528,4071141376,3114,1761
2019/10/10 3:09,0.251,0.251,99.497,0,0,0,0,16384,1802854400,90816512,2425110528,4071141376,2570,1637
2019/10/10 3:09,0.501,0,99.499,0,0,0,0,0,1802600448,90816512,2425110528,4071395328,4387,2193
2019/10/10 3:09,0.251,0.251,99.499,0,0,0,0,0,1802612736,90816512,2425114624,4071378944,3114,1745
2019/10/10 3:09,0.25,0.5,99.25,0,0,0,0,0,1802612736,90816512,2425114624,4071378944,2570,1637
2019/10/10 3:09,0.251,0,99.246,0.503,0,0,0,73728,1802612736,90816512,2425114624,4071378944,4255,2111
2019/10/10 3:09,0.501,0.251,99.248,0,0,0,0,81920,1802608640,90816512,2425118720,4071378944,3114,1761
2019/10/10 3:09,0.251,0.503,99.246,0,0,0,0,0,1802608640,90816512,2425118720,4071378944,2570,1653
2019/10/10 3:09,0.5,0.25,99.25,0,0,0,0,0,1802608640,90816512,2425118720,4071378944,4255,2111
2019/10/10 3:09,0.75,0.5,98.75,0,0,0,0,0,1802547200,90816512,2425118720,4071440384,3114,1745
2019/10/10 3:09,0.251,0,99.749,0,0,0,0,0,1802547200,90816512,2425118720,4071440384,2660,1727
2019/10/10 3:09,0.503,0.251,98.241,1.005,0,0,0,106496,1802547200,90816512,2425118720,4071440384,8775,4344
2019/10/10 3:09,0.752,0.251,98.997,0,0,0,0,212992,1802539008,90816512,2425126912,4071440384,22571,13813
2019/10/10 3:09,4.75,0.75,94,0.25,0,0.25,0,163840,1802694656,90816512,2425131008,4071280640,27469,658032
2019/10/10 3:09,1.511,0.252,98.237,0,0,0,0,8192,1802964992,90816512,2425155584,4070985728,7913,13026
2019/10/10 3:09,0.251,0,99.749,0,0,0,0,0,1802964992,90816512,2425155584,4070985728,3576,1907
2019/10/10 3:09,0.251,0.251,99.497,0,0,0,0,73728,1802964992,90816512,2425155584,4070985728,3286,3387
2019/10/10 3:09,0.501,0.501,98.246,0.752,0,0,0,114688,1803091968,90816512,2425155584,4070858752,8450,4108
2019/10/10 3:09,0.503,0.251,99.246,0,0,0,0,0,1802977280,90816512,2425159680,4070969344,3787,2058
2019/10/10 3:09,1.253,0.501,98.246,0,0,0,0,0,1803096064,90816512,2425184256,4070825984,10625,17333
2019/10/10 3:09,0.251,0.251,99.499,0,0,0,0,0,1803096064,90816512,2425184256,4070825984,4912,1978
2019/10/10 3:09,0.501,0.251,99.248,0,0,0,0,0,1803091968,90816512,2425188352,4070825984,4513,4662
2019/10/10 3:09,0.251,0.251,98.997,0.501,0,0,0,32768,1803091968,90816512,2425188352,4070825984,3773,11879
2019/10/10 3:09,0.251,0.251,99.497,0,0,0,0,0,1803091968,90816512,2425188352,4070825984,4566,2044
2019/10/10 3:09,0.251,0.251,99.499,0,0,0,0,0,1803042816,90816512,2425188352,4070875136,3611,1942
2019/10/10 3:09,0.501,0,99.499,0,0,0,0,0,1803042816,90816512,2425188352,4070875136,2869,1637
2019/10/10 3:09,0.501,0.501,98.997,0,0,0,0,122880,1803042816,90816512,2425188352,4070875136,10846,13827
2019/10/10 3:09,0.503,0,99.497,0,0,0,0,0,1802915840,90816512,2425188352,4071002112,13512,84193
2019/10/10 3:09,0.75,0.5,98.5,0.25,0,0,0,73728,1802899456,90816512,2425188352,4071018496,4397,10971
2019/10/10 3:09,0.252,0.252,99.496,0,0,0,0,0,1802756096,90816512,2425188352,4071161856,6254,2852
2019/10/10 3:09,0.5,0.25,99.25,0,0,0,0,0,1802752000,90816512,2425192448,4071161856,3431,1765
2019/10/10 3:09,0.251,0.251,99.497,0,0,0,0,8192,1802752000,90816512,2425192448,4071161856,4065,1910
2019/10/10 3:09,0.503,0.251,99.246,0,0,0,0,0,1802743808,90816512,2425192448,4071170048,4909,2256
2019/10/10 3:09,0.251,0.251,99.497,0,0,0,0,0,1802739712,90816512,2425196544,4071170048,3450,2141
2019/10/10 3:09,0.501,0.251,98.747,0.501,0,0,0,65536,1802735616,90816512,2425200640,4071170048,2886,1827
2019/10/10 3:09,0.251,0.501,99.248,0,0,0,0,0,1802735616,90816512,2425200640,4071170048,4517,2675
2019/10/10 3:09,0.503,0,99.497,0,0,0,0,90112,1802862592,90816512,2425200640,4071043072,4024,2018
2019/10/10 3:09,0.501,0.251,99.248,0,0,0,0,0,1802862592,90816512,2425200640,4071043072,5372,2657
2019/10/10 3:09,0.251,0.503,99.246,0,0,0,0,0,1802858496,90816512,2425204736,4071043072,8120,3974
2019/10/10 3:09,0.501,0.251,99.248,0,0,0,0,0,1802850304,90816512,2425212928,4071043072,6082,3877
2019/10/10 3:09,0.251,0.251,98.995,0.503,0,0,0,57344,1802842112,90816512,2425221120,4071043072,2860,1878
2019/10/10 3:09,0.251,0.251,99.497,0,0,0,0,0,1802838016,90816512,2425225216,4071043072,4255,2187
2019/10/10 3:09,0.501,0,99.499,0,0,0,0,0,1802838016,90816512,2425225216,4071043072,3168,1915
2019/10/10 3:09,0.251,0.251,99.497,0,0,0,0,0,1802838016,90816512,2425225216,4071043072,2570,1637
2019/10/10 3:09,0.251,0.251,99.499,0,0,0,0,0,1802821632,90816512,2425225216,4071059456,4201,1961
2019/10/10 3:10,0.251,0.251,99.499,0,0,0,0,0,1802821632,90816512,2425225216,4071059456,3114,1745
2019/10/10 3:10,0.5,0.25,98.75,0.5,0,0,0,90112,1802694656,90816512,2425225216,4071186432,2570,1637
2019/10/10 3:10,0.252,0,99.748,0,0,0,0,0,1802694656,90816512,2425225216,4071186432,5014,2591
2019/10/10 3:10,0.5,0.5,99,0,0,0,0,8192,1802694656,90816512,2425225216,4071186432,4146,2520
2019/10/10 3:10,0.251,0.251,99.499,0,0,0,0,0,1802694656,90816512,2425225216,4071186432,2570,1705
2019/10/10 3:10,0.251,0.251,99.497,0,0,0,0,0,1802694656,90816512,2425225216,4071186432,4201,1961
2019/10/10 3:10,0.501,0.251,99.248,0,0,0,0,32768,1802694656,90816512,2425225216,4071186432,3168,1895
2019/10/10 3:10,0.251,0.251,98.995,0.503,0,0,0,73728,1802694656,90816512,2425225216,4071186432,2570,1653
2019/10/10 3:10,0.251,0.251,99.497,0,0,0,0,0,1802694656,90816512,2425225216,4071186432,4201,1977
2019/10/10 3:10,0.501,0.251,99.248,0,0,0,0,0,1802694656,90816512,2425225216,4071186432,3168,1895
2019/10/10 3:10,0.251,0.251,99.499,0,0,0,0,0,1802694656,90816512,2425225216,4071186432,2570,1637
2019/10/10 3:10,0.501,0,99.499,0,0,0,0,73728,1802694656,90816512,2425225216,4071186432,4201,1961
2019/10/10 3:10,0.251,0.251,99.499,0,0,0,0,0,1802694656,90816512,2425225216,4071186432,3300,1977
2019/10/10 3:10,0.251,0.251,98.492,1.005,0,0,0,65536,1802694656,90816512,2425225216,4071186432,2702,2247
2019/10/10 3:10,0.251,0.251,99.497,0,0,0,0,0,1802694656,90816512,2425225216,4071186432,4201,1977
2019/10/10 3:10,0.251,0.251,99.497,0,0,0,0,0,1802694656,90816512,2425225216,4071186432,3168,1895
2019/10/10 3:10,0.501,0.251,99.248,0,0,0,0,8192,1802694656,90816512,2425225216,4071186432,2570,1637
2019/10/10 3:10,0,0.251,99.749,0,0,0,0,0,1802694656,90816512,2425225216,4071186432,4201,1977
2019/10/10 3:10,0.5,1,98.25,0,0,0.25,0,0,1802993664,90816512,2425229312,4070883328,3168,1895
2019/10/10 3:10,0.251,0.251,98.997,0.501,0,0,0,90112,1803104256,90816512,2425229312,4070772736,2612,1679
2019/10/10 3:10,0.251,0.251,99.497,0,0,0,0,0,1803104256,90816512,2425229312,4070772736,4201,1977
2019/10/10 3:10,0.251,0.251,99.497,0,0,0,0,16384,1803104256,90816512,2425229312,4070772736,3168,1895
2019/10/10 3:10,0.25,0.25,99.5,0,0,0,0,0,1803104256,90816512,2425229312,4070772736,2570,1653
2019/10/10 3:10,0.505,0.253,99.242,0,0,0,0,229376,1803104256,90816512,2425229312,4070772736,28819,15889
2019/10/10 3:10,0.754,0.251,98.492,0.503,0,0,0,98304,1803091968,90816512,2425241600,4070772736,3772,2004
2019/10/10 3:10,4.774,1.005,94.221,0,0,0,0,172032,1803280384,90816512,2425245696,4070580224,26051,658132
2019/10/10 3:10,0.251,0.251,98.492,1.005,0,0,0,253952,1803522048,90816512,2425266176,4070318080,6822,11962
2019/10/10 3:10,0.5,0.25,99.25,0,0,0,0,0,1803395072,90816512,2425266176,4070445056,2034,1086
2019/10/10 3:10,1.256,0.251,98.492,0,0,0,0,0,1803378688,90816512,2425266176,4070461440,4594,2767
2019/10/10 3:10,0.501,0.251,99.248,0,0,0,0,16384,1803374592,90816512,2425270272,4070461440,5532,4091
2019/10/10 3:10,0.752,0.251,98.997,0,0,0,0,24576,1803374592,90816512,2425270272,4070461440,8495,5378
2019/10/10 3:10,0.504,0,98.992,0.504,0,0,0,122880,1803395072,90816512,2425282560,4070428672,3667,5447
2019/10/10 3:10,0.5,0.5,99,0,0,0,0,0,1803382784,90816512,2425294848,4070428672,10393,12440
2019/10/10 3:10,0.251,0.251,99.497,0,0,0,0,0,1803378688,90816512,2425298944,4070428672,3413,1745
2019/10/10 3:10,0.251,0.251,99.499,0,0,0,0,0,1803378688,90816512,2425298944,4070428672,2869,1637
2019/10/10 3:10,0.501,0.251,99.248,0,0,0,0,0,1803378688,90816512,2425298944,4070428672,7034,14307
2019/10/10 3:10,0.251,0.251,99.497,0,0,0,0,0,1803202560,90816512,2425298944,4070604800,6167,18331
2019/10/10 3:10,0.5,0.25,98.5,0.5,0,0.25,0,49152,1803075584,90816512,2425298944,4070731776,6992,17921
2019/10/10 3:10,0.503,0,99.497,0,0,0,0,16384,1803071488,90816512,2425303040,4070731776,7691,19696
2019/10/10 3:10,0.251,0.251,99.497,0,0,0,0,0,1803071488,90816512,2425303040,4070731776,10179,32895
2019/10/10 3:10,0.75,0.25,99,0,0,0,0,0,1803059200,90816512,2425307136,4070739968,7514,30241
2019/10/10 3:10,0.252,0,99.748,0,0,0,0,188416,1803022336,90816512,2425311232,4070772736,4796,2390
2019/10/10 3:10,0.501,0.251,99.248,0,0,0,0,0,1803018240,90816512,2425315328,4070772736,3923,2187
2019/10/10 3:10,0.503,0.251,98.492,0.754,0,0,0,81920,1803018240,90816512,2425315328,4070772736,2885,1827
2019/10/10 3:10,0.503,0.251,99.246,0,0,0,0,0,1803010048,90816512,2425315328,4070780928,4516,2127
2019/10/10 3:10,0.25,0.25,99.5,0,0,0,0,0,1803010048,90816512,2425315328,4070780928,3375,1745
2019/10/10 3:10,0.75,0,99.25,0,0,0,0,8192,1803010048,90816512,2425315328,4070780928,5075,2423
2019/10/10 3:10,0.252,0.252,99.496,0,0,0,0,0,1802997760,90816512,2425319424,4070789120,5044,2362
2019/10/10 3:10,0.501,0.251,99.248,0,0,0,0,0,1802993664,90816512,2425323520,4070789120,3625,2052
2019/10/10 3:10,0.5,0.25,99,0.25,0,0,0,57344,1802993664,90816512,2425323520,4070789120,2905,2049
2019/10/10 3:10,0.251,0.251,99.499,0,0,0,0,0,1802993664,90816512,2425323520,4070789120,5702,2843
2019/10/10 3:10,0.501,0.251,99.248,0,0,0,0,32768,1802985472,90816512,2425323520,4070797312,8625,4210
2019/10/10 3:10,0.5,0.25,99.25,0,0,0,0,0,1802977280,90816512,2425331712,4070797312,2800,2225
2019/10/10 3:10,0.251,0.251,99.499,0,0,0,0,0,1802973184,90816512,2425335808,4070797312,4200,2197
2019/10/10 3:10,0,0.251,99.749,0,0,0,0,0,1803165696,90816512,2425335808,4070604800,3114,1765
2019/10/10 3:10,0.251,0.251,95.98,3.518,0,0,0,73728,1803157504,90816512,2425335808,4070612992,2570,1599
2019/10/10 3:10,0.501,0.251,99.248,0,0,0,0,32768,1803157504,90816512,2425335808,4070612992,4255,1977
2019/10/10 3:10,0.251,0.251,99.497,0,0,0,0,0,1803157504,90816512,2425335808,4070612992,3114,1761
2019/10/10 3:10,0.5,0.25,99.25,0,0,0,0,0,1803157504,90816512,2425335808,4070612992,2570,1637
2019/10/10 3:10,0.251,0.251,99.497,0,0,0,0,0,1803157504,90816512,2425335808,4070612992,4949,3119
2019/10/10 3:11,1.008,0.252,98.741,0,0,0,0,73728,1803157504,90816512,2425335808,4070612992,6721,4361
2019/10/10 3:11,0.251,0.251,98.496,1.003,0,0,0,139264,1803206656,90816512,2425344000,4070555648,2820,2118
2019/10/10 3:11,0.501,0.251,99.248,0,0,0,0,0,1803206656,90816512,2425344000,4070555648,4255,1808
2019/10/10 3:11,0.251,0.251,99.497,0,0,0,0,0,1803202560,90816512,2425348096,4070555648,3114,1745
2019/10/10 3:11,0,0,100,0,0,0,0,0,1803202560,90816512,2425348096,4070555648,2834,1812
2019/10/10 3:11,0.501,0.251,99.248,0,0,0,0,0,1803202560,90816512,2425348096,4070555648,4255,2308
2019/10/10 3:11,0.251,0.251,97.236,2.261,0,0,0,90112,1803202560,90816512,2425348096,4070555648,3378,2117
2019/10/10 3:11,0.251,0.251,99.499,0,0,0,0,0,1803202560,90816512,2425348096,4070555648,2570,1653
2019/10/10 3:11,0.251,0.251,99.497,0,0,0,0,0,1803202560,90816512,2425348096,4070555648,4255,2328
2019/10/10 3:11,0.251,0.251,99.499,0,0,0,0,0,1803202560,90816512,2425348096,4070555648,3246,1854
2019/10/10 3:11,0.251,0.251,99.499,0,0,0,0,0,1803202560,90816512,2425348096,4070555648,2570,1594
2019/10/10 3:11,0.251,0.251,99.497,0,0,0,0,65536,1803169792,90816512,2425348096,4070588416,4387,2177
2019/10/10 3:11,0.501,0,91.228,8.271,0,0,0,65536,1803169792,90816512,2425348096,4070588416,3114,1761
2019/10/10 3:11,0.251,0.251,99.499,0,0,0,0,0,1803169792,90816512,2425348096,4070588416,2570,1653
2019/10/10 3:11,0.251,0.251,99.499,0,0,0,0,0,1803169792,90816512,2425348096,4070588416,4255,2111
2019/10/10 3:11,0.251,0.251,99.499,0,0,0,0,0,1803161600,90816512,2425348096,4070596608,3114,1745
2019/10/10 3:11,0.251,0,99.749,0,0,0,0,73728,1803161600,90816512,2425348096,4070596608,2570,1637
2019/10/10 3:11,0.501,0.251,99.248,0,0,0,0,0,1803284480,90816512,2425352192,4070469632,4255,2127
2019/10/10 3:11,0.251,0.251,98.997,0.501,0,0,0,73728,1803157504,90816512,2425352192,4070596608,3114,1745
2019/10/10 3:11,0.501,0,99.499,0,0,0,0,0,1803153408,90816512,2425356288,4070596608,2570,1653
2019/10/10 3:11,0.503,0.251,99.246,0,0,0,0,106496,1803153408,90816512,2425356288,4070596608,15144,7101
2019/10/10 3:11,0.504,0.252,99.244,0,0,0,0,163840,1803014144,90816512,2425368576,4070723584,17023,10698
2019/10/10 3:11,0.251,0.501,99.248,0,0,0,0,8192,1803010048,90816512,2425372672,4070723584,2970,2424
2019/10/10 3:11,3.778,0.504,95.466,0.252,0,0,0,262144,1803595776,90816512,2425376768,4070133760,31645,669066
2019/10/10 3:11,0.748,0.499,98.504,0,0,0.249,0,0,1803702272,90816512,2425389056,4070014976,2034,2367
2019/10/10 3:11,0.251,0.251,99.497,0,0,0,0,0,1803702272,90816512,2425389056,4070014976,3760,2188
2019/10/10 3:11,0.503,0,99.497,0,0,0,0,32768,1803702272,90816512,2425389056,4070014976,4057,3130
2019/10/10 3:11,0.501,0.501,98.997,0,0,0,0,40960,1803702272,90816512,2425389056,4070014976,8773,4973
2019/10/10 3:11,0.754,0.251,98.492,0.503,0,0,0,49152,1803837440,90816512,2425397248,4069871616,4379,3559
2019/10/10 3:11,0.501,0.251,99.248,0,0,0,0,0,1803816960,90816512,2425417728,4069871616,10867,16113
2019/10/10 3:11,0.252,0,99.748,0,0,0,0,0,1803816960,90816512,2425417728,4069871616,3650,1745
2019/10/10 3:11,0.252,0.252,99.496,0,0,0,0,73728,1803812864,90816512,2425421824,4069871616,2869,1637
2019/10/10 3:11,0.5,0.25,99.25,0,0,0,0,0,1803812864,90816512,2425421824,4069871616,5534,4547
2019/10/10 3:11,0.252,0.252,99.496,0,0,0,0,0,1803669504,90816512,2425421824,4070014976,6567,25022
2019/10/10 3:11,0.251,0.251,99.246,0.251,0,0,0,90112,1804718080,90816512,2425421824,4068966400,5931,15520
2019/10/10 3:11,0.501,0.251,99.248,0,0,0,0,16384,1804718080,90816512,2425421824,4068966400,9227,17554
2019/10/10 3:11,0.501,0.501,98.997,0,0,0,0,40960,1804464128,90816512,2425421824,4069220352,8487,20342
2019/10/10 3:11,0.253,0,99.747,0,0,0,0,0,1804455936,90816512,2425430016,4069220352,6816,34799
2019/10/10 3:11,0.25,0.5,99.25,0,0,0,0,0,1804419072,90816512,2425434112,4069253120,5690,12515
2019/10/10 3:11,0.251,0.251,99.497,0,0,0,0,0,1804288000,90816512,2425438208,4069380096,4153,2405
2019/10/10 3:11,0.5,0.25,98.25,1,0,0,0,49152,1804288000,90816512,2425438208,4069380096,2831,1657
2019/10/10 3:11,0.252,0,99.748,0,0,0,0,122880,1804288000,90816512,2425438208,4069380096,4462,2017
2019/10/10 3:11,0.251,0.251,99.499,0,0,0,0,0,1804288000,90816512,2425438208,4069380096,3945,2075
2019/10/10 3:11,0.501,0.251,99.248,0,0,0,0,0,1804288000,90816512,2425438208,4069380096,4774,2116
2019/10/10 3:11,0.251,0.251,99.497,0,0,0,0,0,1804275712,90816512,2425442304,4069388288,4476,2358
2019/10/10 3:11,0.5,0.25,99.25,0,0,0,0,0,1804271616,90816512,2425446400,4069388288,3395,2466
2019/10/10 3:11,0.251,0.251,99.246,0.251,0,0,0,90112,1804271616,90816512,2425446400,4069388288,2719,1657
2019/10/10 3:11,0.251,0.251,99.497,0,0,0,0,0,1804271616,90816512,2425446400,4069388288,4800,2325
2019/10/10 3:11,0.503,0,99.497,0,0,0,0,0,1804271616,90816512,2425446400,4069388288,3395,1811
2019/10/10 3:11,0.251,0.251,99.499,0,0,0,0,0,1804271616,90816512,2425446400,4069388288,7255,3938
2019/10/10 3:11,0.251,0.251,99.497,0,0,0,0,0,1804263424,90816512,2425454592,4069388288,5655,3275
2019/10/10 3:11,0.5,0.25,98.75,0.5,0,0,0,147456,1804259328,90816512,2425458688,4069388288,3345,2113
2019/10/10 3:11,0.251,0,99.749,0,0,0,0,0,1804259328,90816512,2425458688,4069388288,2570,1713
2019/10/10 3:11,0.251,0.251,99.499,0,0,0,0,0,1804259328,90816512,2425458688,4069388288,4303,2143
2019/10/10 3:11,0.251,0.251,99.499,0,0,0,0,0,1806356480,90816512,2425458688,4067291136,3114,1787
2019/10/10 3:11,0.501,0.251,99.248,0,0,0,0,0,1806356480,90816512,2425458688,4067291136,2570,1637
2019/10/10 3:11,0.5,0.25,98.75,0.5,0,0,0,73728,1806356480,90816512,2425458688,4067291136,4201,1919
2019/10/10 3:11,0.251,0.251,99.499,0,0,0,0,0,1806356480,90816512,2425458688,4067291136,3928,2417
2019/10/10 3:11,0.25,0.25,99.5,0,0,0,0,0,1806356480,90816512,2425458688,4067291136,2570,1637
2019/10/10 3:11,0.501,0,99.499,0,0,0,0,8192,1806348288,90816512,2425458688,4067299328,5235,2693
2019/10/10 3:12,0.251,0.251,99.497,0,0,0,0,0,1806348288,90816512,2425458688,4067299328,3114,1856
2019/10/10 3:12,0.251,0.501,99.248,0,0,0,0,16384,1806331904,90816512,2425458688,4067315712,2570,1637
2019/10/10 3:12,0.251,0.251,98.492,1.005,0,0,0,49152,1806331904,90816512,2425458688,4067315712,4255,2085
2019/10/10 3:12,0.251,0,99.749,0,0,0,0,0,1806331904,90816512,2425458688,4067315712,3114,1803
2019/10/10 3:12,0.499,0.748,98.504,0,0,0.249,0,0,1816760320,90816512,2425458688,4056887296,2570,1637
2019/10/10 3:12,0.501,0.251,99.248,0,0,0,0,0,1816760320,90816512,2425458688,4056887296,4255,2069
2019/10/10 3:12,0.75,1,98.25,0,0,0,0,0,1817231360,90816512,2425458688,4056416256,3499,2171
2019/10/10 3:12,0.251,0.251,99.497,0,0,0,0,0,1817358336,90816512,2425458688,4056289280,2702,1745
2019/10/10 3:12,0.251,0.251,98.997,0.501,0,0,0,57344,1816309760,90816512,2425458688,4057337856,4255,2655
2019/10/10 3:12,0.251,0,99.749,0,0,0,0,0,1816309760,90816512,2425458688,4057337856,3246,1827
2019/10/10 3:12,0.251,0.251,99.499,0,0,0,0,0,1816293376,90816512,2425458688,4057354240,2570,1637
2019/10/10 3:12,0.251,0,99.749,0,0,0,0,90112,1816276992,90816512,2425458688,4057370624,4297,2153
2019/10/10 3:12,0.251,0.251,99.497,0,0,0,0,0,1816383488,90816512,2425462784,4057260032,3114,1761
2019/10/10 3:12,0.251,0.251,98.997,0.501,0,0,0,106496,1816383488,90816512,2425462784,4057260032,2570,1637
2019/10/10 3:12,0.251,0.251,99.497,0,0,0,0,0,1818480640,90816512,2425462784,4055162880,4255,2127
2019/10/10 3:12,0.501,0.251,99.248,0,0,0,0,0,1818472448,90816512,2425462784,4055171072,3114,1745
2019/10/10 3:12,0.251,0.251,99.497,0,0,0,0,16384,1818472448,90816512,2425462784,4055171072,2570,1637
2019/10/10 3:12,0.25,0.25,99.5,0,0,0,0,0,1818472448,90816512,2425462784,4055171072,4255,2127
2019/10/10 3:12,0.501,0.251,99.248,0,0,0,0,0,1818501120,90816512,2425466880,4055138304,3114,1745
2019/10/10 3:12,0.758,0.253,98.485,0.505,0,0,0,303104,1818353664,90816512,2425470976,4055281664,27230,15566
2019/10/10 3:12,2.256,0.501,96.992,0.251,0,0,0,139264,1818537984,90816512,2425479168,4055089152,22890,554309
2019/10/10 3:12,1.754,0.251,97.995,0,0,0,0,49152,1818632192,90816512,2425503744,4054970368,11601,116839
2019/10/10 3:12,0.251,0.251,99.497,0,0,0,0,0,1818632192,90816512,2425503744,4054970368,1490,826
2019/10/10 3:12,0.501,0.251,99.248,0,0,0,0,0,1818632192,90816512,2425503744,4054970368,6908,5064
2019/10/10 3:12,0.758,0.253,98.485,0.505,0,0,0,131072,1818632192,90816512,2425503744,4054970368,6921,3438
2019/10/10 3:12,0.251,0.251,99.497,0,0,0,0,0,1818648576,90816512,2425503744,4054953984,3417,2159
2019/10/10 3:12,0.754,0,99.246,0,0,0,0,98304,1818632192,90816512,2425520128,4054953984,12069,17709
2019/10/10 3:12,0,0.251,99.749,0,0,0,0,0,1818636288,90816512,2425532416,4054937600,3650,1954
2019/10/10 3:12,0.5,0.5,99,0,0,0,0,0,1818619904,90816512,2425532416,4054953984,3044,1637
2019/10/10 3:12,2.005,0.251,97.243,0.501,0,0,0,57344,1820270592,90816512,2425532416,4053303296,4500,1962
2019/10/10 3:12,0.252,0.252,99.496,0,0,0,0,0,1819508736,90816512,2425532416,4054065152,7403,25938
2019/10/10 3:12,0.5,0.25,99.25,0,0,0,0,8192,1819459584,90816512,2425532416,4054114304,4167,6391
2019/10/10 3:12,0.754,0,99.246,0,0,0,0,16384,1819324416,90816512,2425540608,4054241280,9847,18586
2019/10/10 3:12,0.499,0.499,99.002,0,0,0,0,0,1819197440,90816512,2425540608,4054368256,5844,20819
2019/10/10 3:12,0.501,0.251,99.248,0,0,0,0,0,1819197440,90816512,2425540608,4054368256,8893,31257
2019/10/10 3:12,0.503,0.251,98.995,0.251,0,0,0,49152,1819303936,90816512,2425544704,4054257664,7736,25851
2019/10/10 3:12,0.501,0.251,99.248,0,0,0,0,0,1819176960,90816512,2425544704,4054384640,4142,2341
2019/10/10 3:12,0.251,0.251,99.499,0,0,0,0,0,1819029504,90816512,2425548800,4054528000,2885,1764
2019/10/10 3:12,0.251,0.251,99.248,0,0,0.251,0,0,1819029504,90816512,2425548800,4054528000,4462,2002
2019/10/10 3:12,0.251,0,99.749,0,0,0,0,0,1819029504,90816512,2425548800,4054528000,3429,1894
2019/10/10 3:12,0.251,0.251,98.997,0.501,0,0,0,40960,1819029504,90816512,2425548800,4054528000,2885,1787
2019/10/10 3:12,0.503,0.251,99.246,0,0,0,0,131072,1819029504,90816512,2425548800,4054528000,7603,3060
2019/10/10 3:12,0.748,0.249,99.002,0,0,0,0,0,1819025408,90816512,2425552896,4054528000,3869,2110
2019/10/10 3:12,0.251,0.501,99.248,0,0,0,0,0,1819021312,90816512,2425556992,4054528000,2773,1983
2019/10/10 3:12,0.251,0.503,99.246,0,0,0,0,0,1821638656,90816512,2425556992,4051910656,4536,2260
2019/10/10 3:12,0.251,0.251,99.497,0,0,0,0,0,1821638656,90816512,2425556992,4051910656,3713,2050
2019/10/10 3:12,0.501,0.251,98.747,0.501,0,0,0,131072,1821634560,90816512,2425561088,4051910656,4966,2985
2019/10/10 3:12,0.251,0.251,99.497,0,0,0,0,0,1821245440,90816512,2425561088,4052299776,13772034,3826
2019/10/10 3:12,0.251,0,99.749,0,0,0,0,0,1821245440,90816512,2425561088,4052299776,3766,2492
2019/10/10 3:12,0.251,0.251,99.499,0,0,0,0,0,1821233152,90816512,2425573376,4052299776,2570,1637
2019/10/10 3:12,0.501,0.251,99.248,0,0,0,0,0,1821233152,90816512,2425573376,4052299776,4255,2191
2019/10/10 3:12,0.25,0.5,98.75,0.5,0,0,0,172032,1821233152,90816512,2425573376,4052299776,3114,1745
2019/10/10 3:12,0.251,0,99.749,0,0,0,0,0,1821233152,90816512,2425573376,4052299776,2570,1653
2019/10/10 3:12,0.251,0.251,99.499,0,0,0,0,0,1821360128,90816512,2425573376,4052172800,4201,1961
2019/10/10 3:12,0.5,0.25,99.25,0,0,0,0,0,1821360128,90816512,2425573376,4052172800,3929,2903
2019/10/10 3:12,0.251,0.251,99.499,0,0,0,0,0,1821360128,90816512,2425573376,4052172800,2570,1637
2019/10/10 3:12,0.251,0.251,98.995,0.503,0,0,0,73728,1821360128,90816512,2425573376,4052172800,4255,2111
2019/10/10 3:12,0.503,0,99.497,0,0,0,0,8192,1821233152,90816512,2425573376,4052299776,4093,2438
2019/10/10 3:12,0.251,0.251,99.499,0,0,0,0,0,1821233152,90816512,2425573376,4052299776,2570,1653
2019/10/10 3:12,0.5,0.25,99.25,0,0,0,0,0,1821233152,90816512,2425573376,4052299776,4255,2111
2019/10/10 3:13,0.251,0.251,99.497,0,0,0,0,0,1821233152,90816512,2425573376,4052299776,3114,1745
2019/10/10 3:13,0.251,0.251,99.499,0,0,0,0,73728,1821233152,90816512,2425573376,4052299776,2570,1637
2019/10/10 3:13,0.251,0.501,98.246,1.003,0,0,0,57344,1821233152,90816512,2425573376,4052299776,4255,2127
2019/10/10 3:13,0.5,0.25,99.25,0,0,0,0,0,1821233152,90816512,2425573376,4052299776,3114,1761
2019/10/10 3:13,0.251,0.251,99.499,0,0,0,0,0,1821233152,90816512,2425573376,4052299776,2702,1703
2019/10/10 3:13,0.5,0.5,99,0,0,0,0,0,1821233152,90816512,2425573376,4052299776,4255,2111
2019/10/10 3:13,0.251,0.251,99.497,0,0,0,0,0,1821233152,90816512,2425573376,4052299776,3114,1745
2019/10/10 3:13,0.501,0,99.499,0,0,0,0,0,1821233152,90816512,2425573376,4052299776,2744,1745
2019/10/10 3:13,0.251,0.251,99.248,0.251,0,0,0,40960,1821233152,90816512,2425573376,4052299776,4255,2111
2019/10/10 3:13,0.75,0.25,98.75,0,0,0.25,0,0,1821233152,90816512,2425573376,4052299776,3114,1761
2019/10/10 3:13,0.251,0.251,99.497,0,0,0,0,0,1821233152,90816512,2425573376,4052299776,2570,1637
2019/10/10 3:13,0.251,0,99.749,0,0,0,0,40960,1821233152,90816512,2425573376,4052299776,4255,2111
2019/10/10 3:13,0.501,0.251,99.248,0,0,0,0,0,1821360128,90816512,2425573376,4052172800,3114,1761
2019/10/10 3:13,0,0.251,99.749,0,0,0,0,0,1821360128,90816512,2425573376,4052172800,2570,1637
2019/10/10 3:13,0.251,0.251,98.997,0.501,0,0,0,73728,1821360128,90816512,2425573376,4052172800,4255,2111
2019/10/10 3:13,0.251,0.251,99.497,0,0,0,0,0,1821360128,90816512,2425573376,4052172800,3114,1761
2019/10/10 3:13,1,0.5,98.5,0,0,0,0,98304,1821360128,90816512,2425573376,4052172800,11329,6167
2019/10/10 3:13,0.754,0.251,98.995,0,0,0,0,139264,1821351936,90816512,2425581568,4052172800,20022,11942
2019/10/10 3:13,5.779,0.754,93.216,0.251,0,0,0,180224,1821577216,90816512,2425593856,4051935232,31239,668008
