system,total cpu usage,,,,,,dsk/total,59254.78908,memory usage,,,,net/total,17976.20099
date/time,usr,sys,idl,wai,hiq,siq,read,writ,used,buff,cach,free,recv,send
2019/10/10 1:00,23.869,3.015,73.116,0,0,0,0,90112,1619836928,90710016,2409906176,4269469696,2167,1129
2019/10/10 1:00,36.181,3.266,60.553,0,0,0,0,8192,1692573696,90710016,2409906176,4196732928,3154,1728
2019/10/10 1:00,21.411,1.259,77.078,0,0,0.252,0,163840,1709731840,90710016,2409922560,4179558400,21580,661462
2019/10/10 1:00,1.003,0.501,98.496,0,0,0,0,0,1711980544,90710016,2409930752,4177301504,2422,2860
2019/10/10 1:00,0.752,0.251,98.496,0.501,0,0,0,385024,1712107520,90710016,2409930752,4177174528,5420,2487
2019/10/10 1:00,0.251,0.251,99.497,0,0,0,0,8192,1708646400,90710016,2409930752,4180635648,2322,2692
2019/10/10 1:00,0.754,0,99.246,0,0,0,0,40960,1708646400,90710016,2409930752,4180635648,8268,4531
2019/10/10 1:00,0.752,0.251,98.997,0,0,0,0,0,1708654592,90710016,2409938944,4180619264,4849,2509
2019/10/10 1:00,0.501,0.501,98.997,0,0,0,0,0,1708777472,90710016,2409951232,4180484096,9356,15599
2019/10/10 1:00,0.501,0,98.997,0.501,0,0,0,90112,1708777472,90710016,2409951232,4180484096,3666,1742
2019/10/10 1:00,0.251,0.251,99.497,0,0,0,0,16384,1705467904,90710016,2409951232,4183793664,4518,1976
2019/10/10 1:00,0.503,0.251,99.246,0,0,0,0,0,1705467904,90710016,2409951232,4183793664,4852,4819
2019/10/10 1:00,0.5,0.5,99,0,0,0,0,0,1705340928,90710016,2409951232,4183920640,4397,18169
2019/10/10 1:00,0.501,0.251,99.248,0,0,0,0,16384,1705164800,90710016,2409951232,4184096768,8287,15225
2019/10/10 1:00,0.252,0.252,99.496,0,0,0,0,0,1705148416,90710016,2409951232,4184113152,4446,11556
2019/10/10 1:00,0.501,0.251,98.997,0.251,0,0,0,65536,1705127936,90710016,2409955328,4184129536,7490,16828
2019/10/10 1:00,0.251,0.251,99.497,0,0,0,0,0,1705132032,90710016,2409959424,4184121344,8678,33831
2019/10/10 1:00,0.501,0.251,99.248,0,0,0,0,0,1705115648,90710016,2409959424,4184137728,3286,2066
2019/10/10 1:00,0.251,0.251,99.497,0,0,0,0,0,1705111552,90710016,2409963520,4184137728,3939,2275
2019/10/10 1:00,0.748,0.249,99.002,0,0,0,0,0,1705111552,90710016,2409963520,4184137728,5542,2274
2019/10/10 1:01,0.252,0,99.244,0.504,0,0,0,81920,1705107456,90710016,2409967616,4184137728,3569,1951
2019/10/10 1:01,0.25,0.5,99.25,0,0,0,0,0,1704976384,90710016,2409971712,4184264704,4534,2360
2019/10/10 1:01,0.505,3.283,94.949,1.01,0,0.253,0,57344,1705005056,90710016,2409975808,4184231936,4598,2937
2019/10/10 1:01,0.251,0.251,99.497,0,0,0,0,0,1705005056,90710016,2409975808,4184231936,2868,2065
2019/10/10 1:01,0.503,0,99.497,0,0,0,0,0,1705005056,90710016,2409975808,4184231936,4396,1850
2019/10/10 1:01,0.501,0.251,99.248,0,0,0,0,0,1705005056,90710016,2409975808,4184231936,5121,2463
2019/10/10 1:01,0.501,0.251,99.248,0,0,0,0,0,1704988672,90710016,2409984000,4184240128,4488,2254
2019/10/10 1:01,0.501,0.501,95.489,3.509,0,0,0,73728,1704980480,90710016,2409984000,4184248320,3360,2162
2019/10/10 1:01,0.251,0.251,99.497,0,0,0,0,0,1704976384,90710016,2409988096,4184248320,4272,2343
2019/10/10 1:01,0.5,0.25,99.25,0,0,0,0,0,1704968192,90710016,2409988096,4184256512,2640,1657
2019/10/10 1:01,0.501,0.251,99.248,0,0,0,0,10633216,1704935424,90710016,2409988096,4184289280,2374,1557
2019/10/10 1:01,0.251,0.251,99.499,0,0,0,0,0,1705062400,90710016,2409988096,4184162304,4121,1592
2019/10/10 1:01,0,0.251,99.497,0.251,0,0,0,196608,1705062400,90710016,2409988096,4184162304,2642,1787
2019/10/10 1:01,0.501,0.251,99.248,0,0,0,0,16384,1705062400,90710016,2409988096,4184162304,4088,2438
2019/10/10 1:01,0.503,0.251,99.246,0,0,0,0,0,1705062400,90710016,2409988096,4184162304,4222,1977
2019/10/10 1:01,0.251,0.251,99.499,0,0,0,0,548864,1705062400,90710016,2409988096,4184162304,2644,1787
2019/10/10 1:01,0.503,0.251,99.246,0,0,0,0,0,1705058304,90710016,2409992192,4184162304,3948,2375
2019/10/10 1:01,0.5,0.25,99.25,0,0,0,0,0,1705058304,90710016,2409992192,4184162304,4222,1961
2019/10/10 1:01,0.251,0,95.477,4.271,0,0,0,98304,1705058304,90710016,2409992192,4184162304,2644,1787
2019/10/10 1:01,0.5,0.25,99.25,0,0,0,0,0,1705058304,90710016,2409992192,4184162304,3133,1761
2019/10/10 1:01,0.252,0.252,99.496,0,0,0,0,24576,1705058304,90710016,2409992192,4184162304,4222,1961
2019/10/10 1:01,0.501,0.251,99.248,0,0,0,0,0,1705058304,90710016,2409992192,4184162304,2644,1803
2019/10/10 1:01,0.503,0.503,98.995,0,0,0,0,0,1705058304,90710016,2409992192,4184162304,3133,1745
2019/10/10 1:01,0.503,0,99.497,0,0,0,0,0,1705058304,90710016,2409992192,4184162304,4354,2027
2019/10/10 1:01,0.251,0.251,99.248,0.251,0,0,0,81920,1705058304,90710016,2409992192,4184162304,2644,1787
2019/10/10 1:01,0.251,0.501,99.248,0,0,0,0,0,1704931328,90710016,2409992192,4184289280,3133,2289
2019/10/10 1:01,0.251,0.251,99.497,0,0,0,0,0,1704914944,90710016,2409992192,4184305664,4354,2027
2019/10/10 1:01,0.251,0.251,99.499,0,0,0,0,0,1704914944,90710016,2409992192,4184305664,2644,1787
2019/10/10 1:01,0.501,0.251,99.248,0,0,0,0,0,1704914944,90710016,2409992192,4184305664,3175,1787
2019/10/10 1:01,0.501,0,99.499,0,0,0,0,0,1704914944,90710016,2409992192,4184305664,4222,1961
2019/10/10 1:01,0.251,0.251,98.995,0.503,0,0,0,57344,1704914944,90710016,2409992192,4184305664,2644,1787
2019/10/10 1:01,0.5,0.5,99,0,0,0,0,0,1704914944,90710016,2409992192,4184305664,3133,1761
2019/10/10 1:01,0.252,0,99.748,0,0,0,0,0,1704914944,90710016,2409992192,4184305664,4222,1961
2019/10/10 1:01,0.5,0.25,99.25,0,0,0,0,0,1704914944,90710016,2409992192,4184305664,2644,1787
2019/10/10 1:01,1.003,0.501,98.496,0,0,0,0,229376,1704906752,90710016,2410000384,4184305664,26951,15557
2019/10/10 1:01,0.251,0.251,99.497,0,0,0,0,8192,1704898560,90710016,2410008576,4184305664,4827,2070
2019/10/10 1:01,9.524,1.504,88.471,0.501,0,0,0,237568,1734246400,90710016,2410029056,4154937344,28010,667513
2019/10/10 1:01,0.251,0,99.749,0,0,0,0,0,1734246400,90710016,2410029056,4154937344,2033,934
2019/10/10 1:01,0.25,0.25,99.25,0,0,0.25,0,0,1734246400,90710016,2410029056,4154937344,5458,2709
2019/10/10 1:01,0.75,0.25,99,0,0,0,0,0,1734246400,90710016,2410029056,4154937344,3472,3309
2019/10/10 1:01,0.501,0.251,99.248,0,0,0,0,106496,1734381568,90710016,2410037248,4154793984,7955,4981
2019/10/10 1:01,0.752,0.251,98.747,0.251,0,0,0,57344,1734250496,90710016,2410057728,4154904576,5418,2916
2019/10/10 1:01,0.504,0,99.496,0,0,0,0,0,1734230016,90710016,2410061824,4154920960,9096,15459
2019/10/10 1:01,0.5,0.25,99.25,0,0,0,0,0,1734225920,90710016,2410065920,4154920960,3659,1919
2019/10/10 1:01,0.501,0.251,99.248,0,0,0,0,0,1734225920,90710016,2410065920,4154920960,5879,4784
2019/10/10 1:01,0.251,0.251,99.499,0,0,0,0,139264,1734225920,90710016,2410065920,4154920960,2879,8640
2019/10/10 1:01,0.251,0.251,98.997,0.501,0,0,0,73728,1734303744,90710016,2410065920,4154843136,3686,2025
2019/10/10 1:01,0.503,0,99.497,0,0,0,0,16384,1734176768,90710016,2410065920,4154970112,6394,3227
2019/10/10 1:01,0.5,0.25,99.25,0,0,0,0,0,1734172672,90710016,2410070016,4154970112,2967,2324
2019/10/10 1:01,0.503,0.251,99.246,0,0,0,0,0,1734168576,90710016,2410074112,4154970112,7272,9737
2019/10/10 1:01,0.754,0,99.246,0,0,0,0,81920,1734025216,90710016,2410074112,4155113472,12048,50945
2019/10/10 1:01,0.251,0.251,99.499,0,0,0,0,0,1734008832,90710016,2410074112,4155129856,3899,22989
2019/10/10 1:01,0.251,0.251,99.246,0.251,0,0,0,49152,1734008832,90710016,2410074112,4155129856,3950,2009
2019/10/10 1:01,0.503,0,99.497,0,0,0,0,0,1734008832,90710016,2410074112,4155129856,5085,2141
2019/10/10 1:01,0,0.251,99.749,0,0,0,0,0,1734008832,90710016,2410074112,4155129856,3071,1787
2019/10/10 1:01,0.501,0.251,99.248,0,0,0,0,0,1736105984,90710016,2410074112,4153032704,3385,1921
2019/10/10 1:01,0.251,0.251,99.499,0,0,0,0,0,1736101888,90710016,2410078208,4153032704,7494,2841
2019/10/10 1:01,0.501,0.251,99.248,0,0,0,0,0,1736097792,90710016,2410082304,4153032704,3457,2307
2019/10/10 1:01,0,0,99.246,0.503,0,0.251,0,32768,1736081408,90710016,2410090496,4153040896,4550,2588
2019/10/10 1:01,1.005,0.251,98.744,0,0,0,0,131072,1736073216,90710016,2410098688,4153040896,18737,8477
2019/10/10 1:02,1.259,0.252,98.489,0,0,0,0,237568,1735974912,90710016,2410119168,4153118720,19776,13359
2019/10/10 1:02,3,1,95.75,0.25,0,0,0,147456,1755279360,90710016,2410119168,4133814272,21644,553205
2019/10/10 1:02,1.759,0.503,97.487,0,0,0.251,0,32768,1763909632,90710016,2410139648,4125163520,10907,114751
2019/10/10 1:02,0.5,0.5,98.5,0.5,0,0,0,81920,1763909632,90710016,2410139648,4125163520,1490,826
2019/10/10 1:02,0.251,0,99.749,0,0,0,0,0,1763909632,90710016,2410139648,4125163520,6084,4815
2019/10/10 1:02,0.503,0.503,98.995,0,0,0,0,32768,1763909632,90710016,2410139648,4125163520,5972,2909
2019/10/10 1:02,2.005,0.501,97.494,0,0,0,0,8192,1770213376,90710016,2410143744,4118855680,6421,4337
2019/10/10 1:02,0.752,0.251,98.997,0,0,0,0,0,1772179456,90710016,2410164224,4116869120,5318,6483
2019/10/10 1:02,0.251,0.251,99.497,0,0,0,0,0,1772175360,90710016,2410168320,4116869120,9574,11924
2019/10/10 1:02,0.5,0.25,99,0.25,0,0,0,32768,1772175360,90710016,2410168320,4116869120,2881,2011
2019/10/10 1:02,0.251,0.251,99.497,0,0,0,0,8192,1772158976,90710016,2410168320,4116885504,5344,14642
2019/10/10 1:02,0.251,0.251,99.499,0,0,0,0,0,1772158976,90710016,2410168320,4116885504,4567,2564
2019/10/10 1:02,0.501,0.251,99.248,0,0,0,0,0,1772109824,90710016,2410168320,4116934656,3109,1877
2019/10/10 1:02,0.503,0,99.497,0,0,0,0,0,1772109824,90710016,2410168320,4116934656,3412,1745
2019/10/10 1:02,0.501,0.251,99.248,0,0,0,0,0,1772109824,90710016,2410168320,4116934656,5367,4422
2019/10/10 1:02,0.503,0.503,98.492,0.503,0,0,0,294912,1772109824,90710016,2410168320,4116934656,13269,47543
2019/10/10 1:02,0.752,0.251,98.997,0,0,0,0,16384,1772101632,90710016,2410176512,4116934656,9589,55415
2019/10/10 1:02,0.251,0.251,99.499,0,0,0,0,0,1771950080,90710016,2410184704,4117078016,5767,3826
2019/10/10 1:02,0.251,0.251,99.499,0,0,0,0,0,1771945984,90710016,2410188800,4117078016,3359,2180
2019/10/10 1:02,0.252,0,99.748,0,0,0,0,0,1771945984,90710016,2410188800,4117078016,3898,1929
2019/10/10 1:02,0.5,0.5,98.5,0.5,0,0,0,131072,1771945984,90710016,2410188800,4117078016,4720,2137
2019/10/10 1:02,0.251,0.251,99.499,0,0,0,0,0,1771945984,90710016,2410188800,4117078016,3076,1905
2019/10/10 1:02,0.752,0.251,98.997,0,0,0,0,0,1771937792,90710016,2410196992,4117078016,3429,2296
2019/10/10 1:02,0.251,0,99.749,0,0,0,0,0,1771937792,90710016,2410196992,4117078016,4769,2635
2019/10/10 1:02,0.25,0.25,99.5,0,0,0,0,0,1771933696,90710016,2410201088,4117078016,4416,2352
2019/10/10 1:02,0.251,0.251,99.499,0,0,0,0,73728,1771933696,90710016,2410201088,4117078016,6025,12106
2019/10/10 1:02,0.501,0.251,97.494,1.754,0,0,0,49152,1771913216,90710016,2410205184,4117094400,8215,7066
2019/10/10 1:02,0.501,0.251,99.248,0,0,0,0,0,1771905024,90710016,2410213376,4117094400,7056,4040
2019/10/10 1:02,0.25,0.25,99.5,0,0,0,0,0,1771896832,90710016,2410221568,4117094400,3453,2337
2019/10/10 1:02,0.251,0,99.749,0,0,0,0,0,1771896832,90710016,2410221568,4117094400,4256,2375
2019/10/10 1:02,0.251,0.251,99.499,0,0,0,0,49152,1771896832,90710016,2410221568,4117094400,2570,1779
2019/10/10 1:02,0.251,0,99.497,0.251,0,0,0,65536,1771896832,90710016,2410221568,4117094400,3167,1911
2019/10/10 1:02,0.5,0.25,99.25,0,0,0,0,0,1771896832,90710016,2410221568,4117094400,4202,1977
2019/10/10 1:02,0.251,0.251,99.499,0,0,0,0,0,1771896832,90710016,2410221568,4117094400,2570,1746
2019/10/10 1:02,0.499,0.249,99.252,0,0,0,0,0,1771872256,90710016,2410221568,4117118976,3113,2266
2019/10/10 1:02,0.251,0.251,99.497,0,0,0,0,0,1771872256,90710016,2410221568,4117118976,4509,2203
2019/10/10 1:02,0.251,0.251,99.497,0,0,0,0,0,1771872256,90710016,2410221568,4117118976,2570,1637
2019/10/10 1:02,0.501,0.251,98.997,0.251,0,0,0,40960,1771872256,90710016,2410221568,4117118976,4076,2520
2019/10/10 1:02,0.501,0.251,99.248,0,0,0,0,0,1771872256,90710016,2410221568,4117118976,4268,2029
2019/10/10 1:02,0.503,0.251,99.246,0,0,0,0,0,1771872256,90710016,2410221568,4117118976,2570,1637
2019/10/10 1:02,0.251,0,99.749,0,0,0,0,16384,1771872256,90710016,2410221568,4117118976,3167,1895
2019/10/10 1:02,0.251,0.501,99.248,0,0,0,0,0,1771872256,90710016,2410221568,4117118976,4202,1977
2019/10/10 1:02,0.503,0,99.497,0,0,0,0,0,1771872256,90710016,2410221568,4117118976,2570,1637
2019/10/10 1:02,0.251,0.251,98.246,1.253,0,0,0,40960,1771872256,90710016,2410221568,4117118976,3167,1997
2019/10/10 1:02,0.251,0.251,99.497,0,0,0,0,0,1771872256,90710016,2410221568,4117118976,4202,1977
2019/10/10 1:02,0.5,0.5,98.75,0,0,0.25,0,90112,1771872256,90710016,2410221568,4117118976,2702,1703
2019/10/10 1:02,0.503,0,99.497,0,0,0,0,0,1771872256,90710016,2410221568,4117118976,3167,1911
2019/10/10 1:02,0.499,0.499,99.002,0,0,0,0,0,1771872256,90710016,2410221568,4117118976,4334,2070
2019/10/10 1:02,0.253,0,99.495,0.253,0,0,0,73728,1771872256,90710016,2410221568,4117118976,2570,1594
2019/10/10 1:02,0.501,0.251,99.248,0,0,0,0,0,1771872256,90710016,2410221568,4117118976,3167,1911
2019/10/10 1:02,0.251,0.251,99.497,0,0,0,0,65536,1771864064,90710016,2410221568,4117127168,4202,1961
2019/10/10 1:02,0.501,0.251,99.248,0,0,0,0,0,1771859968,90710016,2410225664,4117127168,2570,1653
2019/10/10 1:02,0.501,0.251,99.248,0,0,0,0,0,1771859968,90710016,2410225664,4117127168,3167,1895
2019/10/10 1:02,0.501,0.251,99.248,0,0,0,0,0,1771859968,90710016,2410225664,4117127168,4202,1961
2019/10/10 1:02,0.251,0.251,99.248,0.251,0,0,0,73728,1771859968,90710016,2410225664,4117127168,2570,1637
2019/10/10 1:02,0.503,0,99.497,0,0,0,0,0,1771859968,90710016,2410225664,4117127168,3167,1911
2019/10/10 1:02,0.251,0.251,99.497,0,0,0,0,0,1771859968,90710016,2410225664,4117127168,4202,1961
2019/10/10 1:02,0.251,0.251,99.499,0,0,0,0,0,1771859968,90710016,2410225664,4117127168,2612,2223
2019/10/10 1:02,0.251,0.251,99.497,0,0,0,0,0,1771859968,90710016,2410225664,4117127168,3167,1895
2019/10/10 1:02,0.251,0.251,99.497,0,0,0,0,0,1771859968,90710016,2410225664,4117127168,4202,1961
2019/10/10 1:03,1.253,0.251,97.744,0.752,0,0,0,335872,1771839488,90710016,2410229760,4117143552,23159,14257
2019/10/10 1:03,0.503,0.251,99.246,0,0,0,0,40960,1771704320,90710016,2410237952,4117270528,7090,3378
2019/10/10 1:03,6.784,0.503,92.714,0,0,0,0,180224,1772564480,90710016,2410246144,4116402176,28971,659334
2019/10/10 1:03,0.75,0.25,99,0,0,0,0,0,1772531712,90710016,2410262528,4116418560,5191,11937
2019/10/10 1:03,0.251,0,99.749,0,0,0,0,0,1772531712,90710016,2410262528,4116418560,2033,1092
2019/10/10 1:03,1.003,0.501,97.995,0.501,0,0,0,65536,1772531712,90710016,2410262528,4116418560,6460,4911
2019/10/10 1:03,0.754,0,99.246,0,0,0,0,32768,1772531712,90710016,2410262528,4116418560,5086,3667
2019/10/10 1:03,0.752,0.251,98.997,0,0,0,0,8192,1772548096,90710016,2410262528,4116402176,7862,4482
2019/10/10 1:03,0.503,0.251,99.246,0,0,0,0,0,1772662784,90710016,2410291200,4116258816,10400,15897
2019/10/10 1:03,0.251,0.251,99.497,0,0,0,0,0,1772662784,90710016,2410291200,4116258816,3238,1696
2019/10/10 1:03,0.251,0.251,99.499,0,0,0,0,8192,1772658688,90710016,2410295296,4116258816,4278,4206
2019/10/10 1:03,0.251,0.251,98.997,0.501,0,0,0,40960,1772658688,90710016,2410295296,4116258816,5635,12154
2019/10/10 1:03,0.5,0.25,99,0,0,0.25,0,0,1772642304,90710016,2410295296,4116275200,2935,1719
2019/10/10 1:03,0.501,0.251,99.248,0,0,0,0,0,1772482560,90710016,2410295296,4116434944,3610,1943
2019/10/10 1:03,0.501,0.251,99.248,0,0,0,0,0,1772355584,90710016,2410295296,4116561920,4501,1961
2019/10/10 1:03,0.501,0.251,99.248,0,0,0,0,114688,1772355584,90710016,2410295296,4116561920,4485,2787
2019/10/10 1:03,0.503,0.251,99.246,0,0,0,0,0,1772494848,90710016,2410299392,4116418560,7913,12101
2019/10/10 1:03,0.501,0.251,98.997,0.251,0,0,0,98304,1772486656,90710016,2410299392,4116426752,13299,53467
2019/10/10 1:03,0.251,0.251,99.497,0,0,0,0,0,1772466176,90710016,2410303488,4116443136,6772,42626
2019/10/10 1:03,0.25,0.25,99.5,0,0,0,0,0,1772466176,90710016,2410303488,4116443136,3430,1702
2019/10/10 1:03,0.504,0,99.496,0,0,0,0,24576,1772466176,90710016,2410303488,4116443136,4733,2547
2019/10/10 1:03,0.5,0.5,99,0,0,0,0,0,1772339200,90710016,2410303488,4116570112,3527,2096
2019/10/10 1:03,0.503,0.251,99.246,0,0,0,0,0,1772331008,90710016,2410311680,4116570112,3651,1991
2019/10/10 1:03,0.252,0,99.244,0.504,0,0,0,90112,1772331008,90710016,2410311680,4116570112,4518,2131
2019/10/10 1:03,0.251,0.251,99.497,0,0,0,0,0,1772331008,90710016,2410311680,4116570112,2886,1843
2019/10/10 1:03,0.501,0.251,99.248,0,0,0,0,40960,1772453888,90710016,2410315776,4116443136,3561,2004
2019/10/10 1:03,0.251,0.251,99.497,0,0,0,0,0,1772429312,90710016,2410315776,4116467712,5385,2250
2019/10/10 1:03,0.501,0.251,99.248,0,0,0,0,0,1772425216,90710016,2410319872,4116467712,5297,3114
2019/10/10 1:03,0.251,0.251,99.499,0,0,0,0,0,1772421120,90710016,2410323968,4116467712,4186,2378
2019/10/10 1:03,0.251,0.251,99.248,0.251,0,0,0,40960,1772421120,90710016,2410323968,4116467712,4405,2108
2019/10/10 1:03,0.251,0.251,99.497,0,0,0,0,98304,1772421120,90710016,2410323968,4116467712,3779,2353
2019/10/10 1:03,0.501,0,99.499,0,0,0,0,0,1772417024,90710016,2410328064,4116467712,7899,4695
2019/10/10 1:03,0.251,0.501,99.248,0,0,0,0,0,1772412928,90710016,2410332160,4116467712,4680,2287
2019/10/10 1:03,0.252,0,99.748,0,0,0,0,0,1772281856,90710016,2410336256,4116594688,2624,1847
2019/10/10 1:03,0,0.251,99.749,0,0,0,0,0,1772265472,90710016,2410336256,4116611072,3167,1915
2019/10/10 1:03,0.249,0.499,98.005,1.247,0,0,0,155648,1772265472,90710016,2410336256,4116611072,4202,1961
2019/10/10 1:03,0.251,0.251,99.497,0,0,0,0,0,1772265472,90710016,2410336256,4116611072,3384,2267
2019/10/10 1:03,0.5,0.25,99.25,0,0,0,0,8192,1772265472,90710016,2410336256,4116611072,4140,2572
2019/10/10 1:03,0.251,0.251,99.499,0,0,0,0,0,1772265472,90710016,2410336256,4116611072,4202,1977
2019/10/10 1:03,0.501,0.251,99.248,0,0,0,0,0,1772265472,90710016,2410336256,4116611072,2570,1637
2019/10/10 1:03,0.503,0,99.497,0,0,0,0,16384,1772265472,90710016,2410336256,4116611072,3167,1895
2019/10/10 1:03,0.251,0.251,98.997,0.501,0,0,0,40960,1772265472,90710016,2410336256,4116611072,4202,1977
2019/10/10 1:03,0.752,0.251,98.997,0,0,0,0,0,1772265472,90710016,2410336256,4116611072,2570,1653
2019/10/10 1:03,0.251,0.501,99.248,0,0,0,0,0,1772265472,90710016,2410336256,4116611072,3209,2481
2019/10/10 1:03,0.251,0.251,99.497,0,0,0,0,0,1772265472,90710016,2410336256,4116611072,4202,1961
2019/10/10 1:03,0.501,0.251,99.248,0,0,0,0,73728,1772265472,90710016,2410336256,4116611072,2570,1637
2019/10/10 1:03,0,0.251,99.749,0,0,0,0,0,1772265472,90710016,2410336256,4116611072,3299,1977
2019/10/10 1:03,0.501,0.251,98.997,0.251,0,0,0,73728,1772265472,90710016,2410336256,4116611072,4334,2027
2019/10/10 1:03,0.251,0.501,99.248,0,0,0,0,0,1772265472,90710016,2410336256,4116611072,2570,1653
2019/10/10 1:03,0.252,0,99.748,0,0,0,0,0,1772265472,90710016,2410336256,4116611072,3167,1895
2019/10/10 1:03,0.5,0.5,99,0,0,0,0,8192,1772265472,90710016,2410336256,4116611072,4202,1961
2019/10/10 1:03,0.253,0,99.747,0,0,0,0,0,1772265472,90710016,2410336256,4116611072,2570,1653
2019/10/10 1:03,0.251,0.251,99.497,0,0,0,0,0,1772265472,90710016,2410336256,4116611072,3167,1895
2019/10/10 1:03,0.251,0.251,98.997,0.501,0,0,0,40960,1772265472,90710016,2410336256,4116611072,4202,1961
2019/10/10 1:03,0.501,0.251,99.248,0,0,0,0,0,1772257280,90710016,2410336256,4116619264,2570,1653
2019/10/10 1:03,1.003,0.501,98.246,0.251,0,0,0,237568,1772253184,90710016,2410340352,4116619264,26986,15609
2019/10/10 1:03,0.5,0.5,99,0,0,0,0,8192,1772118016,90710016,2410348544,4116746240,4806,2070
2019/10/10 1:03,5.542,0.756,93.451,0,0,0.252,0,163840,1772433408,90710016,2410369024,4116410368,29946,667690
2019/10/10 1:03,0.501,0.251,99.248,0,0,0,0,0,1772433408,90710016,2410369024,4116410368,2033,2367
2019/10/10 1:03,0.501,0.251,98.747,0.501,0,0,0,57344,1772302336,90710016,2410373120,4116537344,6094,2827
2019/10/10 1:04,0.501,0.251,99.248,0,0,0,0,163840,1772302336,90710016,2410373120,4116537344,3944,3511
2019/10/10 1:04,0.503,0.251,99.246,0,0,0,0,16384,1772568576,90710016,2410377216,4116267008,6444,3618
2019/10/10 1:04,0.754,0.251,98.995,0,0,0,0,0,1772433408,90710016,2410401792,4116377600,7426,8145
2019/10/10 1:04,0.503,0.251,99.246,0,0,0,0,0,1772429312,90710016,2410405888,4116377600,8401,11786
2019/10/10 1:04,0.252,0.252,99.244,0.252,0,0,0,81920,1772556288,90710016,2410405888,4116250624,3412,1745
2019/10/10 1:04,0.503,0.251,99.246,0,0,0,0,0,1772556288,90710016,2410405888,4116250624,6453,14923
2019/10/10 1:04,0.503,0.251,99.246,0,0,0,0,16384,1772556288,90710016,2410405888,4116250624,4456,3373
2019/10/10 1:04,0.251,0.251,99.499,0,0,0,0,0,1772380160,90710016,2410405888,4116426752,4546,2275
2019/10/10 1:04,0.503,0.251,99.246,0,0,0,0,0,1772380160,90710016,2410405888,4116426752,5623,2337
2019/10/10 1:04,0.251,0.501,99.248,0,0,0,0,0,1772376064,90710016,2410409984,4116426752,2887,1935
2019/10/10 1:04,0.504,0,98.741,0.756,0,0,0,49152,1772376064,90710016,2410409984,4116426752,7812,12081
2019/10/10 1:04,0.748,0.499,98.753,0,0,0,0,0,1772359680,90710016,2410409984,4116443136,13293,63253
2019/10/10 1:04,0.501,0.251,99.248,0,0,0,0,0,1772216320,90710016,2410409984,4116586496,5557,32333
2019/10/10 1:04,0.251,0.251,99.497,0,0,0,0,0,1772216320,90710016,2410409984,4116586496,3940,2009
2019/10/10 1:04,1.005,0.503,98.492,0,0,0,0,0,1773965312,90710016,2410409984,4114837504,4886,2345
2019/10/10 1:04,0.501,0.251,98.496,0.501,0,0.251,0,253952,1773965312,90710016,2410409984,4114837504,2869,1679
2019/10/10 1:04,0.501,0.251,99.248,0,0,0,0,0,1772802048,90710016,2410414080,4115996672,3734,1827
2019/10/10 1:04,0.754,0.251,98.995,0,0,0,0,0,1772802048,90710016,2410414080,4115996672,5828,5296
2019/10/10 1:04,0.75,0.5,98.75,0,0,0,0,0,1772797952,90710016,2410418176,4115996672,3705,3510
2019/10/10 1:04,0.251,0,99.749,0,0,0,0,0,1772797952,90710016,2410418176,4115996672,3546,1937
2019/10/10 1:04,0.251,0.501,99.248,0,0,0,0,8192,1772797952,90710016,2410418176,4115996672,6027,4804
2019/10/10 1:04,0.501,0.251,98.747,0.501,0,0,0,106496,1772797952,90710016,2410418176,4115996672,8488,14472
2019/10/10 1:04,1,0.25,98.75,0,0,0,0,0,1772904448,90710016,2410422272,4115886080,6167,3579
2019/10/10 1:04,0.251,0.251,99.497,0,0,0,0,0,1772892160,90710016,2410426368,4115894272,4332,2440
2019/10/10 1:04,0.503,0,99.497,0,0,0,0,0,1772888064,90710016,2410430464,4115894272,8201,4697
2019/10/10 1:04,0.251,0.251,99.499,0,0,0,0,0,1772871680,90710016,2410430464,4115910656,4476,2552
2019/10/10 1:04,0.251,0.251,99.497,0,0,0,0,0,1772834816,90710016,2410442752,4115935232,4542,2131
2019/10/10 1:04,0.251,0,94.724,5.025,0,0,0,57344,1772834816,90710016,2410442752,4115935232,2624,2072
2019/10/10 1:04,0.501,0.251,99.248,0,0,0,0,0,1772834816,90710016,2410442752,4115935232,3287,1949
2019/10/10 1:04,0.503,0,99.497,0,0,0,0,0,1772834816,90710016,2410442752,4115935232,4202,2591
2019/10/10 1:04,0.251,0.251,99.497,0,0,0,0,16384,1772826624,90710016,2410442752,4115943424,2889,1885
2019/10/10 1:04,0.251,0.251,99.499,0,0,0,0,0,1772818432,90710016,2410442752,4115951616,3113,1761
2019/10/10 1:04,0.251,0.251,99.497,0,0,0,0,0,1772818432,90710016,2410442752,4115951616,4202,1961
2019/10/10 1:04,0.252,0.252,98.237,1.259,0,0,0,73728,1772818432,90710016,2410442752,4115951616,2570,1637
2019/10/10 1:04,0.501,0.251,99.248,0,0,0,0,8192,1772789760,90710016,2410446848,4115976192,4140,2690
2019/10/10 1:04,0.501,0.251,99.248,0,0,0,0,73728,1772789760,90710016,2410446848,4115976192,4202,1977
2019/10/10 1:04,0,0.251,99.749,0,0,0,0,0,1772789760,90710016,2410446848,4115976192,2570,1653
2019/10/10 1:04,0.251,0.251,99.497,0,0,0,0,0,1772789760,90710016,2410446848,4115976192,3167,1895
2019/10/10 1:04,0.501,0.251,99.248,0,0,0,0,0,1772789760,90710016,2410446848,4115976192,4202,1961
2019/10/10 1:04,0.5,0.25,98.75,0.5,0,0,0,40960,1772789760,90710016,2410446848,4115976192,2570,1739
2019/10/10 1:04,0.251,0.251,99.497,0,0,0,0,16384,1772789760,90710016,2410446848,4115976192,3245,1977
2019/10/10 1:04,0.5,0.25,99.25,0,0,0,0,0,1772789760,90710016,2410446848,4115976192,4256,1977
2019/10/10 1:04,0.252,0,99.748,0,0,0,0,0,1772789760,90710016,2410446848,4115976192,2570,1637
2019/10/10 1:04,0.251,0.251,99.497,0,0,0,0,0,1772789760,90710016,2410446848,4115976192,3113,1895
2019/10/10 1:04,0.251,0.251,99.499,0,0,0,0,0,1772789760,90710016,2410446848,4115976192,4388,2027
2019/10/10 1:04,0,0.251,99.497,0.251,0,0,0,98304,1772789760,90710016,2410446848,4115976192,2570,1680
2019/10/10 1:04,0.501,0,99.499,0,0,0,0,0,1772789760,90710016,2410446848,4115976192,2870,1614
2019/10/10 1:04,0.251,0.251,99.499,0,0,0,0,0,1772789760,90710016,2410446848,4115976192,4256,1961
2019/10/10 1:04,0.251,0.251,99.499,0,0,0,0,0,1772789760,90710016,2410446848,4115976192,2570,1637
2019/10/10 1:04,0.251,0.251,99.499,0,0,0,0,0,1772789760,90710016,2410446848,4115976192,3113,1895
2019/10/10 1:04,0.504,0,98.489,1.008,0,0,0,147456,1772662784,90710016,2410446848,4116103168,4256,1961
2019/10/10 1:04,0.251,0.251,99.499,0,0,0,0,0,1772662784,90710016,2410446848,4116103168,2570,1653
2019/10/10 1:04,0.251,0,99.749,0,0,0,0,0,1772662784,90710016,2410446848,4116103168,3155,2481
2019/10/10 1:04,0.5,0.25,99.25,0,0,0,0,0,1772662784,90710016,2410446848,4116103168,3419,1497
2019/10/10 1:04,0.5,0.25,99,0,0,0.25,0,8192,1772662784,90710016,2410446848,4116103168,3465,2087
2019/10/10 1:04,0.752,0.251,98.747,0.251,0,0,0,221184,1772650496,90710016,2410459136,4116103168,26388,15023
2019/10/10 1:04,0.503,0.251,98.241,1.005,0,0,0,65536,1772646400,90710016,2410463232,4116103168,4860,2220
2019/10/10 1:04,3.769,0.503,95.729,0,0,0,0,172032,1772933120,90710016,2410479616,4115800064,30918,668440
2019/10/10 1:04,0.503,0,99.497,0,0,0,0,0,1772818432,90710016,2410483712,4115910656,2033,2541
2019/10/10 1:04,0.251,0.251,99.499,0,0,0,0,0,1772818432,90710016,2410483712,4115910656,4664,2456
2019/10/10 1:05,1.003,0.251,98.747,0,0,0,0,122880,1773015040,90710016,2410487808,4115709952,5848,5044
2019/10/10 1:05,0.752,0.251,98.496,0.501,0,0,0,139264,1773015040,90710016,2410487808,4115709952,7822,4011
2019/10/10 1:05,0.503,0.251,99.246,0,0,0,0,0,1773166592,90710016,2410496000,4115550208,5695,3711
2019/10/10 1:05,0.503,0.251,99.246,0,0,0,0,0,1773158400,90710016,2410504192,4115550208,9671,16034
2019/10/10 1:05,0.501,0.251,99.248,0,0,0,0,0,1773142016,90710016,2410520576,4115550208,3847,1943
2019/10/10 1:05,0.5,0.5,99,0,0,0,0,73728,1773142016,90710016,2410520576,4115550208,4699,2246
2019/10/10 1:05,0.252,0,98.489,1.259,0,0,0,49152,1773142016,90710016,2410520576,4115550208,2869,1653
2019/10/10 1:05,0.5,0.25,99,0,0,0.25,0,0,1772998656,90710016,2410520576,4115693568,7128,24623
2019/10/10 1:05,0.251,0.251,99.499,0,0,0,0,0,1772961792,90710016,2410524672,4115726336,5085,5081
2019/10/10 1:05,0.251,0.251,99.497,0,0,0,0,16384,1772961792,90710016,2410524672,4115726336,8053,10525
2019/10/10 1:05,0.503,0,99.497,0,0,0,0,8192,1772814336,90710016,2410528768,4115869696,9287,38341
2019/10/10 1:05,0.251,0.251,99.497,0,0,0,0,0,1772806144,90710016,2410528768,4115877888,12492,51073
2019/10/10 1:05,0.5,0.5,98,1,0,0,0,49152,1772773376,90710016,2410528768,4115910656,4033,3490
2019/10/10 1:05,0.501,0,99.499,0,0,0,0,0,1772769280,90710016,2410532864,4115910656,4350,2304
2019/10/10 1:05,0.754,0.251,98.995,0,0,0,0,0,1772765184,90710016,2410536960,4115910656,4537,2377
2019/10/10 1:05,0.251,0.501,99.248,0,0,0,0,114688,1772761088,90710016,2410541056,4115910656,2873,2263
2019/10/10 1:05,0.503,0.251,99.246,0,0,0,0,0,1773305856,90710016,2410545152,4115361792,3374,1761
2019/10/10 1:05,0.5,0.25,98.75,0.5,0,0,0,98304,1773305856,90710016,2410545152,4115361792,4517,2111
2019/10/10 1:05,0.251,0.251,99.497,0,0,0,0,0,1773305856,90710016,2410545152,4115361792,2885,1803
2019/10/10 1:05,0.501,0.251,99.248,0,0,0,0,0,1773305856,90710016,2410545152,4115361792,6135,2521
2019/10/10 1:05,0.252,0,99.748,0,0,0,0,40960,1773301760,90710016,2410549248,4115361792,4815,2287
2019/10/10 1:05,0.251,0.251,99.497,0,0,0,0,0,1773297664,90710016,2410553344,4115361792,3433,2443
2019/10/10 1:05,0.752,0.251,98.997,0,0,0,0,0,1773297664,90710016,2410553344,4115361792,6450,3254
2019/10/10 1:05,0.253,0,97.222,2.525,0,0,0,90112,1773289472,90710016,2410561536,4115361792,7493,4172
2019/10/10 1:05,0.5,0.25,99.25,0,0,0,0,0,1773285376,90710016,2410565632,4115361792,2800,1979
2019/10/10 1:05,0.501,0.251,99.248,0,0,0,0,73728,1773285376,90710016,2410565632,4115361792,3113,1805
2019/10/10 1:05,0.251,0,99.749,0,0,0,0,0,1773260800,90710016,2410565632,4115386368,4202,1997
2019/10/10 1:05,0.752,6.767,92.231,0.251,0,0,0,122880,1773699072,90710016,2410573824,4114939904,5570,5222
2019/10/10 1:05,0.251,0.251,99.499,0,0,0,0,0,1773699072,90710016,2410573824,4114939904,3113,1761
2019/10/10 1:05,0.251,0.251,99.497,0,0,0,0,0,1773699072,90710016,2410573824,4114939904,4202,1961
2019/10/10 1:05,0.251,0.251,99.499,0,0,0,0,32768,1773682688,90710016,2410573824,4114956288,3544,2314
2019/10/10 1:05,0.5,0.25,99.25,0,0,0,0,0,1773658112,90710016,2410573824,4114980864,3927,2375
2019/10/10 1:05,0.251,0.251,99.497,0,0,0,0,0,1773658112,90710016,2410573824,4114980864,4202,1961
2019/10/10 1:05,0.251,0.501,97.995,1.253,0,0,0,122880,1773658112,90710016,2410573824,4114980864,2624,1787
2019/10/10 1:05,0.501,0,99.499,0,0,0,0,0,1773522944,90710016,2410573824,4115116032,3113,1761
2019/10/10 1:05,0.5,0.5,99,0,0,0,0,32768,1773522944,90710016,2410573824,4115116032,4202,1961
2019/10/10 1:05,0.252,0,99.748,0,0,0,0,0,1773522944,90710016,2410573824,4115116032,2624,1803
2019/10/10 1:05,0.251,0.251,99.499,0,0,0,0,0,1773387776,90710016,2410573824,4115251200,3113,1745
2019/10/10 1:05,0.251,0.251,99.499,0,0,0,0,0,1773363200,90710016,2410573824,4115275776,4244,2547
2019/10/10 1:05,0.251,0,99.497,0.251,0,0,0,40960,1773363200,90710016,2410573824,4115275776,2624,1787
2019/10/10 1:05,0.251,0.251,99.499,0,0,0,0,57344,1773363200,90710016,2410573824,4115275776,3245,1827
2019/10/10 1:05,0.251,0.251,99.499,0,0,0,0,0,1773355008,90710016,2410573824,4115283968,4334,2043
2019/10/10 1:05,0.251,0,99.499,0,0,0.251,0,0,1773342720,90710016,2410577920,4115292160,2624,1787
2019/10/10 1:05,0.75,0.25,99,0,0,0,0,0,1773342720,90710016,2410577920,4115292160,3113,1745
2019/10/10 1:05,0.251,0,99.749,0,0,0,0,0,1773342720,90710016,2410577920,4115292160,4202,1961
2019/10/10 1:05,0.251,0.251,98.997,0.501,0,0,0,90112,1773342720,90710016,2410577920,4115292160,2624,1787
2019/10/10 1:05,0.251,0.251,99.499,0,0,0,0,0,1773461504,90710016,2410577920,4115173376,3113,1761
2019/10/10 1:05,0,0.251,99.749,0,0,0,0,0,1773461504,90710016,2410577920,4115173376,4202,1961
2019/10/10 1:05,0.5,0.5,99,0,0,0,0,0,1773207552,90710016,2410577920,4115427328,2624,1787
2019/10/10 1:05,0.756,0.252,98.992,0,0,0,0,237568,1773330432,90710016,2410582016,4115300352,27691,15667
2019/10/10 1:05,0.501,0.251,98.747,0.501,0,0,0,98304,1773191168,90710016,2410594304,4115427328,4779,2220
2019/10/10 1:05,3.518,1.005,95.477,0,0,0,0,163840,1773408256,90710016,2410594304,4115210240,25859,658914
2019/10/10 1:05,0.503,0,99.497,0,0,0,0,0,1773367296,90710016,2410610688,4115234816,5800,12049
2019/10/10 1:05,0.251,0.251,99.497,0,0,0,0,0,1773367296,90710016,2410610688,4115234816,3702,1658
2019/10/10 1:05,0.251,0.251,99.497,0,0,0,0,0,1773367296,90710016,2410610688,4115234816,3826,2232
2019/10/10 1:05,0.501,0.251,99.248,0,0,0,0,0,1773367296,90710016,2410610688,4115234816,3365,3113
2019/10/10 1:05,0.503,0.251,98.995,0.251,0,0,0,90112,1773232128,90710016,2410618880,4115361792,9162,5334
2019/10/10 1:05,0.251,0,99.749,0,0,0,0,0,1773379584,90710016,2410631168,4115202048,2735,1555
2019/10/10 1:05,0.752,0.251,98.997,0,0,0,0,0,1773375488,90710016,2410635264,4115202048,12117,20789
2019/10/10 1:05,0.501,0.251,99.248,0,0,0,0,0,1773367296,90710016,2410643456,4115202048,4738,2135
2019/10/10 1:06,0.251,0.251,99.499,0,0,0,0,122880,1773207552,90710016,2410643456,4115361792,2869,1637
2019/10/10 1:06,2.513,0.503,96.482,0.503,0,0,0,106496,1775493120,90710016,2410643456,4113076224,5538,15169
2019/10/10 1:06,0.501,0.501,98.997,0,0,0,0,16384,1775316992,90710016,2410643456,4113252352,5874,3228
2019/10/10 1:06,0.251,0,99.749,0,0,0,0,0,1775190016,90710016,2410643456,4113379328,2984,1642
2019/10/10 1:06,0.251,0.251,99.499,0,0,0,0,0,1775312896,90710016,2410647552,4113252352,3446,1966
2019/10/10 1:06,0.501,0,99.499,0,0,0,0,32768,1775312896,90710016,2410647552,4113252352,6241,2662
2019/10/10 1:06,0.5,0.5,98.75,0,0,0.25,0,0,1774678016,90710016,2410647552,4113887232,12114,40195
2019/10/10 1:06,0.501,0.251,97.494,1.754,0,0,0,49152,1774645248,90710016,2410647552,4113920000,9999,64083
2019/10/10 1:06,0.752,0.251,98.997,0,0,0,0,0,1774645248,90710016,2410647552,4113920000,5161,3735
2019/10/10 1:06,0.251,0.251,99.499,0,0,0,0,0,1774645248,90710016,2410647552,4113920000,2869,1637
2019/10/10 1:06,0.251,0.501,99.248,0,0,0,0,16384,1774645248,90710016,2410647552,4113920000,3412,1745
2019/10/10 1:06,0.251,0.251,99.497,0,0,0,0,0,1774518272,90710016,2410647552,4114046976,4501,1977
2019/10/10 1:06,0.752,0,99.248,0,0,0,0,0,1774518272,90710016,2410647552,4114046976,3191,1703
2019/10/10 1:06,0.251,0.251,98.997,0.501,0,0,0,49152,1774514176,90710016,2410651648,4114046976,3466,2340
2019/10/10 1:06,0.752,0.251,98.997,0,0,0,0,0,1774514176,90710016,2410651648,4114046976,4783,2127
2019/10/10 1:06,0.251,0.251,99.499,0,0,0,0,147456,1774514176,90710016,2410651648,4114046976,4061,4371
2019/10/10 1:06,0.252,0.252,99.496,0,0,0,0,0,1774522368,90710016,2410659840,4114030592,4620,12274
2019/10/10 1:06,0.251,0.251,99.497,0,0,0,0,0,1774505984,90710016,2410659840,4114046976,5385,2507
2019/10/10 1:06,0.501,0.251,96.992,2.256,0,0,0,98304,1774505984,90710016,2410659840,4114046976,6156,3365
2019/10/10 1:06,0.251,0.251,99.497,0,0,0,0,0,1774497792,90710016,2410668032,4114046976,7463,4395
2019/10/10 1:06,1,0.25,98.75,0,0,0,0,16384,1774493696,90710016,2410672128,4114046976,10568,5509
2019/10/10 1:06,0.252,0,99.748,0,0,0,0,0,1774481408,90710016,2410684416,4114046976,3157,1863
2019/10/10 1:06,0.501,0.501,98.997,0,0,0,0,0,1774481408,90710016,2410684416,4114046976,3167,2220
2019/10/10 1:06,0.251,0.251,99.499,0,0,0,0,0,1774481408,90710016,2410684416,4114046976,4202,2150
2019/10/10 1:06,0.251,0,97.739,2.01,0,0,0,57344,1774481408,90710016,2410684416,4114046976,2666,2350
2019/10/10 1:06,0.501,0.251,99.248,0,0,0,0,0,1774481408,90710016,2410684416,4114046976,3113,1761
2019/10/10 1:06,0.251,0.501,99.248,0,0,0,0,0,1774465024,90710016,2410684416,4114063360,4468,2059
2019/10/10 1:06,0.251,0.251,99.497,0,0,0,0,0,1774465024,90710016,2410684416,4114063360,2570,1637
2019/10/10 1:06,0.251,0.251,99.499,0,0,0,0,0,1774465024,90710016,2410684416,4114063360,3113,1745
2019/10/10 1:06,0.501,0.251,98.246,1.003,0,0,0,24576,1774465024,90710016,2410684416,4114063360,4202,1961
2019/10/10 1:06,0.251,0.251,99.499,0,0,0,0,8192,1774465024,90710016,2410684416,4114063360,2624,1803
2019/10/10 1:06,0.251,0.251,99.499,0,0,0,0,8192,1774456832,90710016,2410684416,4114071552,4087,2438
2019/10/10 1:06,0.501,0.251,99.248,0,0,0,0,0,1774456832,90710016,2410684416,4114071552,4202,1977
2019/10/10 1:06,0.501,0.251,99.248,0,0,0,0,0,1774456832,90710016,2410684416,4114071552,2624,1787
2019/10/10 1:06,0.25,0.25,99.5,0,0,0,0,0,1774456832,90710016,2410684416,4114071552,3113,1745
2019/10/10 1:06,0.251,0.251,99.248,0.251,0,0,0,180224,1774329856,90710016,2410684416,4114198528,4202,1961
2019/10/10 1:06,0.5,0.25,99.25,0,0,0,0,0,1774329856,90710016,2410684416,4114198528,2756,1869
2019/10/10 1:06,0.251,0,99.749,0,0,0,0,0,1774329856,90710016,2410684416,4114198528,3113,1745
2019/10/10 1:06,0.251,0.251,99.499,0,0,0,0,0,1774329856,90710016,2410684416,4114198528,4202,1961
2019/10/10 1:06,0.5,0.25,99.25,0,0,0,0,0,1774202880,90710016,2410684416,4114325504,2624,1787
2019/10/10 1:06,0.251,0.251,96.985,2.513,0,0,0,49152,1774329856,90710016,2410684416,4114198528,3113,1745
2019/10/10 1:06,0.5,0.25,98,1.25,0,0,0,0,1774329856,90710016,2410684416,4114198528,4334,2043
2019/10/10 1:06,0.251,0,99.749,0,0,0,0,0,1774321664,90710016,2410684416,4114206720,2624,1787
2019/10/10 1:06,0.251,0.251,99.499,0,0,0,0,0,1774321664,90710016,2410684416,4114206720,3113,1745
2019/10/10 1:06,0.251,0.251,99.499,0,0,0,0,0,1774321664,90710016,2410684416,4114206720,4202,1961
2019/10/10 1:06,0.251,0.251,99.499,0,0,0,0,49152,1774321664,90710016,2410684416,4114206720,2624,1787
2019/10/10 1:06,0,0.251,99.497,0.251,0,0,0,65536,1774313472,90710016,2410684416,4114214912,3113,1761
2019/10/10 1:06,0.251,0.251,99.499,0,0,0,0,0,1774313472,90710016,2410684416,4114214912,4244,2547
2019/10/10 1:06,0.251,0,99.749,0,0,0,0,0,1774313472,90710016,2410684416,4114214912,2624,1787
2019/10/10 1:06,0.499,0.499,99.002,0,0,0,0,0,1774313472,90710016,2410684416,4114214912,3203,1835
2019/10/10 1:06,0.251,0.251,99.497,0,0,0,0,73728,1774309376,90710016,2410688512,4114214912,4202,1961
2019/10/10 1:06,1,0.25,98.5,0.25,0,0,0,229376,1774170112,90710016,2410700800,4114341888,26830,15635
2019/10/10 1:06,0.251,0,99.246,0.503,0,0,0,98304,1774166016,90710016,2410704896,4114341888,3690,1997
2019/10/10 1:06,5.263,1.003,93.484,0,0,0.251,0,172032,1774219264,90710016,2410717184,4114276352,28095,657665
2019/10/10 1:06,0.75,0.25,99,0,0,0,0,0,1774338048,90710016,2410725376,4114149376,5191,11937
2019/10/10 1:06,0.251,0.251,99.497,0,0,0,0,0,1774338048,90710016,2410725376,4114149376,2033,919
2019/10/10 1:06,0.251,0.251,99.497,0,0,0,0,0,1774338048,90710016,2410725376,4114149376,7041,5326
2019/10/10 1:06,1,0.25,98.5,0.25,0,0,0,90112,1774206976,90710016,2410729472,4114276352,5421,3135
2019/10/10 1:06,0.503,0.251,99.246,0,0,0,0,8192,1774370816,90710016,2410733568,4114108416,6968,4791
2019/10/10 1:06,0.752,0.251,98.997,0,0,0,0,0,1774366720,90710016,2410737664,4114108416,5430,3778
2019/10/10 1:07,0.251,0.251,99.497,0,0,0,0,8192,1774366720,90710016,2410737664,4114108416,2814,1637
2019/10/10 1:07,0.251,0.251,99.499,0,0,0,0,0,1774366720,90710016,2410737664,4114108416,3167,1761
2019/10/10 1:07,0.5,0.25,98.75,0.5,0,0,0,57344,1774366720,90710016,2410737664,4114108416,4256,1961
2019/10/10 1:07,0.501,0.251,99.248,0,0,0,0,0,1774350336,90710016,2410737664,4114124800,6592,16032
2019/10/10 1:07,0.251,0.251,99.497,0,0,0,0,0,1774317568,90710016,2410737664,4114157568,3365,3516
2019/10/10 1:07,0.5,0.25,99.25,0,0,0,0,32768,1774317568,90710016,2410737664,4114157568,4256,1961
2019/10/10 1:07,0.251,0,99.749,0,0,0,0,0,1774317568,90710016,2410737664,4114157568,2624,1653
2019/10/10 1:07,0.5,0.25,99.25,0,0,0,0,0,1774190592,90710016,2410737664,4114284544,3167,1745
2019/10/10 1:07,0.251,0.251,99.246,0.251,0,0,0,57344,1774026752,90710016,2410741760,4114444288,6851,3343
2019/10/10 1:07,1,0.25,98.75,0,0,0,0,0,1774022656,90710016,2410745856,4114444288,3953,2694
2019/10/10 1:07,0.252,0.252,99.496,0,0,0,0,8192,1774014464,90710016,2410754048,4114444288,5790,7567
2019/10/10 1:07,0.251,0,99.749,0,0,0,0,0,1774014464,90710016,2410754048,4114444288,4817,2117
2019/10/10 1:07,0.251,0.251,99.497,0,0,0,0,0,1774014464,90710016,2410754048,4114444288,2587,1677
2019/10/10 1:07,0.5,0.25,98.25,1,0,0,0,49152,1774014464,90710016,2410754048,4114444288,3130,1745
2019/10/10 1:07,0.503,0.251,99.246,0,0,0,0,0,1774014464,90710016,2410754048,4114444288,4219,1977
2019/10/10 1:07,0.501,0.501,98.997,0,0,0,0,139264,1774014464,90710016,2410754048,4114444288,2587,1637
2019/10/10 1:07,0.752,0.251,98.747,0,0,0.251,0,24576,1774153728,90710016,2410758144,4114300928,5304,3440
2019/10/10 1:07,0.501,0,99.499,0,0,0,0,0,1774153728,90710016,2410758144,4114300928,5379,2177
2019/10/10 1:07,0.251,0.251,99.497,0,0,0,0,8192,1774153728,90710016,2410758144,4114300928,4917,2785
2019/10/10 1:07,0.5,0.25,98,1.25,0,0,0,106496,1774153728,90710016,2410758144,4114300928,3709,1861
2019/10/10 1:07,0.754,0.251,98.995,0,0,0,0,245760,1774022656,90710016,2410762240,4114427904,27050,14499
2019/10/10 1:07,0.501,0.251,99.248,0,0,0,0,16384,1774010368,90710016,2410774528,4114427904,3748,2126
2019/10/10 1:07,1.253,0.501,98.246,0,0,0,0,8192,1774682112,90710016,2405531648,4118999040,9315,5105
,,,,,,,,,,,,,,
,,,,,,,,,,,,,,
,,,,,,,,,,,,,,
,,,,,,,,,,,,,,
,,,,,,,,,,,,,,
,,,,,,,,,,,,,,
,,,,,,,,,,,,,,
,,,,,,,,,,,,,,
,,,,,,,,,,,,,,
,,,,,,,,,,,,,,
,,,,,,,,,,,,,,
,,,,,,,,,,,,,,
,,,,,,,,,,,,,,
,,,,,,,,,,,,,,
,,,,,,,,,,,,,,
,,,,,,,,,,,,,,
