cpu process,memory process,recv,send,read,writ,time,input,output,binput,boutput
0,289316864,272,1316,0,0,03-09 04:51:48,43,427,0,4096
0,289316864,163,823,0,0,03-09 04:51:49,3765,245,0,4096
0,289316864,271,1395,0,0,03-09 04:51:50,43,245,0,4096
0,289316864,272,1382,0,0,03-09 04:51:51,43,427,0,4096
0,289316864,561,943,0,36864,03-09 04:51:52,3765,245,0,4096
0,289316864,163,675,0,0,03-09 04:51:53,43,245,0,4096
0,289316864,268373,3283,151552,0,03-09 04:51:54,266684,267995,151552,274432
0,289316864,163,707,0,0,03-09 04:51:55,3765,245,151552,274432
0,289316864,205,733,0,0,03-09 04:51:56,43,245,151552,274432
0,289316864,2188,269406,0,45056,03-09 04:51:57,266456,266907,151552,274432
0,289316864,163,765,8192,368640,03-09 04:51:58,3765,245,0,8192
0,289316864,163,691,0,0,03-09 04:51:59,43,245,0,4096
0,289316864,272,1250,0,0,03-09 04:52:00,43,427,0,8192
0,289316864,229,757,0,0,03-09 04:52:01,3765,245,0,8192
0,289316864,295,2091,0,36864,03-09 04:52:02,2,1204,0,8192
0,289316864,338,1292,0,0,03-09 04:52:03,43,427,0,8192
0,289316864,163,675,0,0,03-09 04:52:04,3765,245,0,8192
0,289316864,163,675,0,0,03-09 04:52:05,43,245,0,8192
0,289316864,272,1226,0,0,03-09 04:52:06,43,427,0,8192
34,289366016,102447345,122034,819200,126976,03-09 04:52:07,97385794,97223969,819200,97251328
50,289366016,61000076,346279,86016,104251392,03-09 04:52:08,204894139,204834277,65536,205090816
17,289460224,48582,272917,13246464,0,03-09 04:52:09,23230947,23112533,45056,23281664
25,289386496,163,837,6045696,0,03-09 04:52:10,13785080,0,6045696,0
4,289386496,229,1011,15007744,0,03-09 04:52:11,352348,0,14671872,0
28,289386496,470,1636,9199616,0,03-09 04:52:12,2324581,353,9531392,4096
45,289386496,295,1297,4161536,21811200,03-09 04:52:13,4030594,592,4165632,0
63,289386496,4819,7777,1732608,5931008,03-09 04:52:14,3275481,6772,1732608,0
0,289386496,272,1357,0,0,03-09 04:52:15,1622,0,1732608,0
0,289386496,163,758,0,0,03-09 04:52:16,23697,344,1732608,0
0,289386496,295,2109,0,0,03-09 04:52:17,2,1204,1732608,0
0,289386496,272,1326,0,77824,03-09 04:52:18,43,427,1732608,0
0,289386496,229,907,0,0,03-09 04:52:19,23697,346,1732608,0
0,289386496,163,865,0,0,03-09 04:52:20,43,345,1732608,0
3,289386496,1118,1890,0,0,03-09 04:52:21,29795,212,1732608,0
1,289386496,163,943,0,0,03-09 04:52:22,23697,345,1732608,0
0,289386496,163,775,0,0,03-09 04:52:23,43,345,1732608,0
0,289386496,272,1416,0,12288,03-09 04:52:24,43,429,1732608,0
29,289386496,19590,4175,995328,61440,03-09 04:52:25,1587852,62603,987136,65536
88,297918464,163,889,1581056,0,03-09 04:52:26,3414251,77,1589248,0
89,319172608,42981,3193,1048576,0,03-09 04:52:27,2124072,1424,1040384,0
47,367603712,463,4339,4816896,0,03-09 04:52:28,2455764,3407,4825088,0
73,386564096,4199,1890,11255808,81920,03-09 04:52:29,8257660,8260432,8765440,0
58,455454720,272,1358,28573696,0,03-09 04:52:30,28667947,28678713,28835840,0
50,510840832,1358,134602,30932992,0,03-09 04:52:31,31305853,31322188,30932992,4096
50,542072832,295,74010,37224448,0,03-09 04:52:32,37253120,37268556,37224448,0
49,587853824,272,1448,29511680,0,03-09 04:52:33,30113842,30131939,29511680,0
76,638607360,12661,6597,29618176,16384,03-09 04:52:34,29135099,29142138,29609984,0
51,674619392,163,955,36831232,0,03-09 04:52:35,36655104,36673845,36569088,0
51,675291136,422,2144,41549824,0,03-09 04:52:36,41807915,41828434,41943040,0
49,710774784,143364,107942,27566080,0,03-09 04:52:37,27938949,27951647,27435008,0
51,746999808,3922,6225,41123840,0,03-09 04:52:38,40554620,40573063,40861696,0
50,747606016,1119,134963,33312768,53780480,03-09 04:52:39,32964776,32974590,33046528,16384
54,788963328,163,889,30670848,0,03-09 04:52:40,30646272,30660656,30670848,0
53,789393408,113954,7964,33148928,0,03-09 04:52:41,33218694,33237782,32821248,0
50,822095872,1185,73078,43663360,0,03-09 04:52:42,43925672,43943704,44253184,0
48,822697984,163,31777,38146048,0,03-09 04:52:43,37978112,37995425,37879808,0
49,855138304,163,889,35811328,4005888,03-09 04:52:44,36130816,36145213,36065280,0
49,855740416,245244,9777,31424512,0,03-09 04:52:45,31436977,31454076,31293440,0
49,887635968,163,889,34996224,0,03-09 04:52:46,35205120,35220107,35127296,0
49,888233984,295,2223,43515904,0,03-09 04:52:47,43393024,43413903,43515904,0
49,919584768,638,4898,30810112,0,03-09 04:52:48,31689140,31707466,31072256,0
0,919584768,163,4404,49152,65536,03-09 04:52:49,23702,345,49152,0
0,919584768,163,889,0,0,03-09 04:52:50,43,345,49152,0
0,919584768,272,1416,0,0,03-09 04:52:51,43,427,49152,0
40,921415680,101247,27066,16076800,0,03-09 04:52:52,14598268,14604016,15187968,0
51,936456192,163,889,41943040,0,03-09 04:52:53,41611264,41629770,41549824,0
50,965357568,272,1448,36175872,0,03-09 04:52:54,36261931,36277798,36175872,0
50,966979584,1062,124311,41848832,69632,03-09 04:52:55,42733691,42753855,42635264,0
52,976433152,202265,223649,40599552,0,03-09 04:52:56,40423683,40441135,40075264,0
49,976973824,272,1448,37748736,0,03-09 04:52:57,36986923,37004667,37224448,0
49,976973824,463,4339,45109248,0,03-09 04:52:58,46170112,46189221,45895680,0
50,977629184,22738787,32508,11534336,0,03-09 04:52:59,41113030,6139,11796480,0
50,978710528,43849793,45998,0,65536,03-09 04:53:00,43876456,0,11796480,0
50,978710528,43166587,44891,0,0,03-09 04:53:01,42951350,0,0,4096
32,978710528,26409707,29840,0,0,03-09 04:53:02,27819562,3921,0,8192
5,978710528,32256,23736,0,0,03-09 04:53:03,28929,17154,0,4096
3,978980864,6803,7020,0,4096,03-09 04:53:04,23702,345,0,4096
73,991068160,82075,7115,12288,184320,03-09 04:53:05,7401596,7401405,12288,0
99,999399424,272,1448,0,0,03-09 04:53:06,4489259,4493799,12288,0
60,1015398400,163,865,0,0,03-09 04:53:07,7528448,7533006,12288,0
50,1025703936,463,4617,0,0,03-09 04:53:08,9510912,9515376,12288,0
51,1037668352,272,1424,0,45056,03-09 04:53:09,8654891,8656776,0,16384
55,1058181120,205,931,0,57344,03-09 04:53:10,7266304,7268690,0,16384
51,1062273024,163,865,0,0,03-09 04:53:11,8384512,8392033,0,4096
52,1072971776,272,1448,0,0,03-09 04:53:12,8257579,8260302,0,4096
56,1082531840,163,865,0,0,03-09 04:53:13,9248768,9251060,0,4096
54,1111408640,163,889,0,28672,03-09 04:53:14,8122368,8127717,0,20480
50,1119444992,338,1580,0,0,03-09 04:53:15,10502187,10506988,0,20480
51,1146753024,163,865,0,36864,03-09 04:53:16,10039296,10044008,0,20480
52,1160773632,295,2199,0,0,03-09 04:53:17,8454144,8458112,0,20480
50,1174560768,572,5176,0,0,03-09 04:53:18,9379883,9383645,0,20480
50,1191022592,163,865,0,299008,03-09 04:53:19,10039296,10044008,0,20480
50,1204924416,163,865,0,0,03-09 04:53:20,7987207,7995047,0,20480
72,1220837376,2165,151857,24576,0,03-09 04:53:21,4727045,787,24576,4096
85,1340071936,217,1347,0,32768,03-09 04:53:22,23702,345,24576,4096
81,1404534784,163,775,0,0,03-09 04:53:23,43,345,24576,4096
77,1454723072,14153,9257,0,0,03-09 04:53:24,8257703,8260859,0,16384
67,1456209920,163,889,0,0,03-09 04:53:25,7462912,7466927,0,16384
50,1456234496,163,865,147456,0,03-09 04:53:26,9381899,9383329,147456,0
52,1456234496,272,1448,0,49152,03-09 04:53:27,8720427,8722855,147456,0
54,1456234496,463,4617,0,0,03-09 04:53:28,7991296,7995559,147456,0
53,1456234496,163,865,0,0,03-09 04:53:29,7991296,7995559,147456,0
56,1480278016,272,1424,0,0,03-09 04:53:30,7528491,7533433,147456,0
52,1497038848,163,865,0,0,03-09 04:53:31,7860224,7863401,147456,0
54,1513521152,295,2199,0,0,03-09 04:53:32,9179136,9184981,147456,0
52,1530281984,272,1424,0,12288,03-09 04:53:33,9314347,9317566,147456,0
48,1547313152,229,997,0,0,03-09 04:53:34,8122368,8127717,147456,0
52,1560834048,163,865,0,0,03-09 04:53:35,8126464,8127717,147456,0
87,1578508288,272,1424,0,0,03-09 04:53:36,2113579,2114955,147456,0
57,1584336896,163,865,0,0,03-09 04:53:37,7925760,7929480,147456,0
53,1597956096,463,4527,0,0,03-09 04:53:38,9310208,9317139,147456,0
54,1611472896,272,1424,0,53248,03-09 04:53:39,9580587,9581882,0,16384
52,1622016000,163,799,0,0,03-09 04:53:40,6402055,6409151,0,16384
70,1737682944,175270,2431,0,0,03-09 04:53:41,3634718,485,0,16384
86,1742749696,272,1424,0,0,03-09 04:53:42,43,427,0,16384
70,1793204224,695,1739,90112,25415680,03-09 04:53:43,513690,154501008,86016,154509312
44,1793466368,14442,9132,8192,174530560,03-09 04:53:44,80617,74137956,0,74166272
87,1846235136,326,1808,0,0,03-09 04:53:45,5546027,5551063,0,74166272
49,1846235136,163,775,0,0,03-09 04:53:46,7925760,7929480,0,4096
50,1828933632,295,2223,0,0,03-09 04:53:47,8785920,8788507,0,4096
51,1811599360,572,5176,0,0,03-09 04:53:48,8650795,8656776,0,4096
51,1799520256,163,865,0,77824,03-09 04:53:49,8388608,8392033,0,4096
52,1799589888,163,865,0,0,03-09 04:53:50,9379840,9383218,0,4096
52,1805492224,272,1424,0,0,03-09 04:53:51,8982571,8987171,0,4096
51,1815293952,163,865,0,0,03-09 04:53:52,9510912,9515376,0,4096
52,1816915968,163,865,0,0,03-09 04:53:53,9310208,9317139,0,4096
52,1818537984,338,1556,0,0,03-09 04:53:54,9248811,9251487,0,4096
53,1819889664,163,865,0,12288,03-09 04:53:55,9773056,9779692,0,4096
52,1821241344,163,865,0,0,03-09 04:53:56,9711616,9713613,0,4096
52,1821241344,272,1424,0,0,03-09 04:53:57,8781867,8788934,0,4096
52,1831514112,1506,107267,0,0,03-09 04:53:58,8790139,8789249,0,4096
50,1844490240,163,889,0,0,03-09 04:53:59,8454144,8458112,0,4096
51,1862643712,314,1466,0,0,03-09 04:54:00,8061638,0,0,4096
84,1898131456,133746,2129,12288,20480,03-09 04:54:01,1123716,484,0,4096
61,1899626496,561,2625,12288,129871872,03-09 04:54:02,328,227373263,0,227414016
78,2069323776,314,1514,4096,0,03-09 04:54:03,43,427,0,8192
92,2072604672,1010,103383,262144,0,03-09 04:54:04,135293,132900,262144,4096
61,2073726976,163,889,8192,126709760,03-09 04:54:05,421180,88494951,4096,88498176
56,2073726976,538,1874,0,50642944,03-09 04:54:06,1077615,105605052,0,105652224
99,2084429824,163,955,0,50380800,03-09 04:54:07,68657152,0,0,4096
73,2084847616,517,4993,0,0,03-09 04:54:08,84279656,3556,0,4096
47,2080620544,272,1424,0,146939904,03-09 04:54:09,36634624,217410777,0,217464832
68,2080776192,15681,9010,9158656,85024768,03-09 04:54:10,5590197,13269378,0,13283328
70,2080776192,163,889,5242880,81920,03-09 04:54:11,5349376,5352399,5242880,0
86,2224418816,272,1448,2228224,0,03-09 04:54:12,2248747,2247113,2228224,0
91,2071056384,163,889,0,0,03-09 04:54:13,3765,345,2228224,0
50,2029342720,163,865,9961472,0,03-09 04:54:14,9973760,9977929,9961472,0
47,2011504640,272,1448,8781824,92327936,03-09 04:54:15,8454187,8458539,8519680,0
50,1911283712,163,889,9699328,0,03-09 04:54:16,9773056,9779692,9699328,0
50,1846145024,295,2223,8519680,36864,03-09 04:54:17,8519680,8524191,8519680,0
52,1846173696,572,5200,9175040,4096,03-09 04:54:18,9314347,9317566,9437184,0
51,1852383232,163,889,7995392,0,03-09 04:54:19,8056832,8061638,7995392,0
52,1902485504,229,1021,9175040,0,03-09 04:54:20,9113600,9118902,9175040,0
53,1933086720,272,1448,9306112,0,03-09 04:54:21,9379883,9383645,9306112,0
51,1997000704,163,889,8912896,0,03-09 04:54:22,8982528,8986744,8912896,0
51,2001055744,163,889,9568256,16384,03-09 04:54:23,9248768,9251060,9306112,0
52,2001055744,272,1448,1310720,0,03-09 04:54:24,1321580,111326954,0,111333376
50,2001055744,1486,99573,2359296,88256512,03-09 04:54:25,2313091,80962459,0,80994304
49,2001055744,163,36278,9453568,0,03-09 04:54:26,9379840,9383218,9191424,0
50,2001596416,272,1358,8126464,0,03-09 04:54:27,8388651,8392460,8388608,0
51,2002677760,463,4551,6291456,81920,03-09 04:54:28,6668295,6673467,6291456,0
52,1998553088,148027,6974452,7323648,0,03-09 04:54:29,7135360,7137089,7323648,0
74,2018963456,10604,5769394,5767168,104210432,03-09 04:54:30,5615659,5617142,5767168,0
87,2020290560,4333,2897150,3014656,0,03-09 04:54:31,3039232,3039634,3014656,0
54,2020024320,9469,6116475,6029312,0,03-09 04:54:32,0,86272926,0,86274048
54,2016124928,14596,8926388,8912896,88272896,03-09 04:54:33,6578502,107085252,0,107118592
51,2015174656,15307,10410956,10354688,94208,03-09 04:54:34,126664704,0,10092544,0
45,2014040064,11659,7774066,7340032,109150208,03-09 04:54:35,56983552,212874151,0,212905984
79,2053021696,6820,4551178,4849664,113561600,03-09 04:54:36,3131404,16935688,0,16949248
75,2010079232,13783,9003871,8916992,0,03-09 04:54:37,9048064,9052823,8912896,0
1,2010079232,14107,9750738,10092544,0,03-09 04:54:38,9641984,9647534,9830400,0
0,2010079232,14426,9028015,8650752,98304,03-09 04:54:39,8982571,8987171,8912896,0
1,2010079232,13603,9315183,9306112,0,03-09 04:54:40,9379840,9383218,9306112,0
0,2010079232,11749,6770227,6963200,60506112,03-09 04:54:41,6602752,6607900,6553600,8192
1,2010079232,7796,5407278,5320704,52084736,03-09 04:54:42,5550123,5551063,5582848,8192
0,2010079232,163,873,0,0,03-09 04:54:43,3765,345,5582848,8192
1,2010079232,10507,6768206,6815744,0,03-09 04:54:44,6602752,6607901,6553600,0
0,2010079232,13832,9261499,8912896,90112,03-09 04:54:45,9183275,9185408,9175040,0
0,2010075136,13360,8286896,7659520,0,03-09 04:54:46,8042889,8050757,7659520,0
0,2010075136,295,51992,0,0,03-09 04:54:47,20150,345,7659520,0
0,2010075136,572,1920,0,0,03-09 04:54:48,360,390,7659520,0
4,2010279936,42421,10384,565248,0,03-09 04:54:49,52249,13490,565248,16384
43,2010279936,35731,9588,26640384,36864,03-09 04:54:50,53101830,2892,26300416,0
44,2010279936,338,1358,40599552,0,03-09 04:54:51,81895424,0,40742912,0
61,2010275840,3731,3675,27881472,0,03-09 04:54:52,55961148,2687,28078080,4096
63,2010578944,9988,7205,1015808,0,03-09 04:54:53,2045558,7177,1015808,8192
49,2010578944,9555,7431,8192,0,03-09 04:54:54,9147,6924,8192,8192
49,2010578944,9315,6590,0,94208,03-09 04:54:55,9148,7012,0,8192
2,2010578944,229,4747,4096,0,03-09 04:54:56,20151,345,4096,8192
0,2010578944,272,1366,0,0,03-09 04:54:57,43,427,4096,8192
0,2010578944,463,1353,0,0,03-09 04:54:58,3765,345,4096,8192
1,2010578944,163,767,0,0,03-09 04:54:59,20151,345,4096,8192
0,2010578944,272,1334,0,61440,03-09 04:55:00,43,428,4096,8192
0,2010578944,163,767,0,0,03-09 04:55:01,3765,345,4096,8192
1,2010578944,295,2109,81920,0,03-09 04:55:02,20151,345,4096,8192
0,2010578944,272,1334,0,0,03-09 04:55:03,43,427,4096,8192
8,2010578944,79467,20377,65536,0,03-09 04:55:04,2413994,15674,65536,0
53,2010578944,163,1057,0,0,03-09 04:55:05,131817472,0,65536,0
57,2010578944,2366,2820,0,159744,03-09 04:55:06,56108642,1547,0,4096
50,2010578944,9314,6547,0,0,03-09 04:55:07,2038792,6965,0,8192
51,2010578944,18832,14246,0,0,03-09 04:55:08,18655,17448,0,16384
28,2010578944,338,7017,0,0,03-09 04:55:09,258,5173,0,8192
0,2010595328,163,889,0,0,03-09 04:55:10,3765,345,0,8192
1,2010595328,163,857,0,307200,03-09 04:55:11,20151,345,0,8192
0,2010595328,272,1448,0,0,03-09 04:55:12,43,427,0,8192
0,2010595328,163,881,0,0,03-09 04:55:13,3765,345,0,8192
5,2010595328,2982,8668,73728,0,03-09 04:55:14,20151,345,73728,12288
42,2011279360,41814,6149,14585856,0,03-09 04:55:15,13213863,13216784,13615104,0
50,1965592576,163,955,10092544,131072,03-09 04:55:16,10235904,10242245,10354688,0
50,1867882496,349,2853,9830400,0,03-09 04:55:17,9576448,9581455,9568256,0
50,1811148800,572,5200,8912896,0,03-09 04:55:18,8982571,8987171,8912896,0
51,1799593984,163,889,9568256,0,03-09 04:55:19,9641984,9647534,9830400,0
51,1799610368,163,889,9175040,0,03-09 04:55:20,9117696,9118902,8912896,0
51,1813491712,272,1448,10354688,12288,03-09 04:55:21,10432555,10440909,10616832,0
53,1863622656,163,889,10747904,24576,03-09 04:55:22,10637312,10638719,10485760,0
51,1889083392,163,889,10878976,0,03-09 04:55:23,10960896,10969114,11141120,0
51,1950289920,272,1448,9568256,0,03-09 04:55:24,9510955,9515803,9568256,0
50,1986039808,229,1021,9437184,0,03-09 04:55:25,9510912,9515376,9437184,0
49,1999843328,163,889,9981952,0,03-09 04:55:26,9908224,9911850,9719808,0
50,1999843328,272,1448,9961472,0,03-09 04:55:27,10305579,10308751,10223616,0
50,1999953920,729,5067,3563520,16384,03-09 04:55:28,10441213,4039,3559424,4096
67,2001211392,15619,255815,7782400,0,03-09 04:55:29,7930105,7930779,7307264,0
51,2001211392,272,1448,7995392,0,03-09 04:55:30,7794731,7797749,7995392,0
51,2001211392,163,889,7864320,0,03-09 04:55:31,7790592,7797322,7602176,0
50,2001211392,295,2223,9043968,0,03-09 04:55:32,9052160,9052823,9306112,0
51,2001211392,272,1448,8912896,45056,03-09 04:55:33,9113643,9119329,8912896,0
50,2001215488,163,889,10616832,0,03-09 04:55:34,10301440,10308324,10354688,0
51,2002026496,163,889,9437184,0,03-09 04:55:35,9711616,9713613,9699328,0
51,2006622208,272,1448,10616832,0,03-09 04:55:36,10432555,10440909,10354688,0
50,2006892544,163,889,8912896,0,03-09 04:55:37,9248768,9251060,9175040,0
51,2006892544,463,4641,10092544,12288,03-09 04:55:38,10039296,10044008,10092544,0
51,2006892544,338,1556,10092544,0,03-09 04:55:39,9973803,9978356,10092544,0
50,2006892544,217,1519,10485760,0,03-09 04:55:40,10301440,10308324,10223616,0
50,2006892544,163,889,8933376,233472,03-09 04:55:41,9183232,9184981,9195520,8192
51,2007052288,272,1448,9437184,0,03-09 04:55:42,9375787,9383645,9175040,8192
51,2008403968,163,889,4849664,0,03-09 04:55:43,11101272,0,5111808,0
53,2008453120,175155,9914,11280384,53248,03-09 04:55:44,10899583,10903592,11280384,0
50,2008453120,272,1448,10223616,0,03-09 04:55:45,10371115,10374830,10223616,0
50,2008453120,163,889,10485760,0,03-09 04:55:46,10567680,10572640,10485760,0
50,2008453120,295,2223,8912896,0,03-09 04:55:47,8785920,8788507,8650752,0
49,2008530944,572,5200,7077888,0,03-09 04:55:48,7262251,7269117,7340032,0
50,2008530944,561,1231,8126464,73728,03-09 04:55:49,7598080,7599085,7340032,0
50,2009612288,163,889,9175040,0,03-09 04:55:50,9310208,9317139,9437184,0
51,2012315648,314,1490,8388608,8192,03-09 04:55:51,8519723,8524618,8388608,0
50,2012315648,163,889,10485760,0,03-09 04:55:52,10567680,10572640,10485760,0
52,2012315648,163,889,10223616,0,03-09 04:55:53,10174464,10176166,9961472,0
50,2012315648,2155,160778,9437184,36864,03-09 04:55:54,9908390,9913019,9699328,0
58,1550188544,163,889,6553600,0,03-09 04:55:55,6471680,6475742,6291456,0
49,1550188544,163,799,10485760,0,03-09 04:55:56,10768384,10770877,10747904,0
50,1548611584,272,1448,10485760,0,03-09 04:55:57,10432555,10440909,10485760,0
50,1543360512,2372,183396,3407872,0,03-09 04:55:58,9119262,3556,3407872,0
50,1543364608,328166,10120,10600448,0,03-09 04:55:59,10240127,10242802,10600448,0
50,1546035200,272,1448,11489280,53248,03-09 04:56:00,19788796,0,8519680,0
50,1546035200,163,881,8912896,20480,03-09 04:56:01,9183232,9184981,9175040,0
51,1546035200,295,2289,9568256,0,03-09 04:56:02,9510912,9515376,9568256,0
51,1546088448,326,2078,10223616,0,03-09 04:56:03,10367019,10374830,10223616,0
50,1546092544,163,889,9830400,0,03-09 04:56:04,9646080,9647534,9830400,0
51,1546092544,163,889,9568256,0,03-09 04:56:05,9510912,9515376,9568256,0
50,1546092544,272,1448,9175040,45056,03-09 04:56:06,9310251,9317566,9175040,0
50,1546092544,163,889,9830400,0,03-09 04:56:07,9777152,9779692,9830400,0
49,1546092544,463,4641,9961472,0,03-09 04:56:08,9973760,9977929,9961472,0
51,1546092544,338,1580,9306112,0,03-09 04:56:09,9113643,9119329,9043968,0
50,1546092544,163,889,9699328,0,03-09 04:56:10,9908224,9911850,9961472,0
49,1546092544,163,889,9977856,73728,03-09 04:56:11,10039296,10044008,9977856,8192
51,1547714560,1305,99640,9830400,0,03-09 04:56:12,10236079,10242902,9830400,12288
50,1547714560,289838,6742448,7061504,0,03-09 04:56:13,6807680,6806694,7061504,0
7,1547784192,16183,9539429,9568256,0,03-09 04:56:14,9441280,9449297,9568256,0
0,1547784192,17156,9613570,1835008,0,03-09 04:56:15,9580587,9581882,1835008,0
1,1547784192,18031,9695714,0,151552,03-09 04:56:16,9641984,9647534,1835008,0
0,1547784192,17959,10351355,0,0,03-09 04:56:17,10301440,10308324,1835008,0
1,1547784192,16346,9782390,0,0,03-09 04:56:18,9646123,9647961,1835008,0
1,1547784192,15751,9844943,0,0,03-09 04:56:19,9904128,9911850,1835008,0
0,1547784192,14947,8840897,0,0,03-09 04:56:20,8720384,8722428,1835008,0
0,1547784192,15476,9971409,0,184320,03-09 04:56:21,9973803,9977813,0,8192
1,1547784192,15205,9595402,0,0,03-09 04:56:22,9510912,9515919,0,4096
0,1547784192,15235,8750027,0,0,03-09 04:56:23,8585216,8590270,0,4096
1,1547784192,16346,10720287,0,0,03-09 04:56:24,10764331,10771304,0,8192
0,1547784192,16687,10811405,0,0,03-09 04:56:25,10833920,10836957,0,8192
13,1547902976,83321,2867271,159744,0,03-09 04:56:26,2627977,2632279,159744,20480
54,1547935744,18572,11161,0,65536,03-09 04:56:27,9404,10157,0,16384
52,1547984896,9800,12343,0,0,03-09 04:56:28,18653,15405,0,16384
39,1548156928,82372,34871,20480,0,03-09 04:56:29,12619900,12621646,20480,4096
50,1548156928,338,1514,0,0,03-09 04:56:30,10235947,10242672,20480,4096
50,1551400960,229,931,0,0,03-09 04:56:31,9773056,9779692,20480,4096
49,1553125376,295,2199,0,180224,03-09 04:56:32,9510912,9515376,0,4096
51,1553125376,272,1448,0,0,03-09 04:56:33,9777195,9780119,0,4096
52,1553395712,163,865,0,0,03-09 04:56:34,9842688,9845771,0,4096
50,1553395712,163,865,0,0,03-09 04:56:35,9641984,9647534,0,4096
53,1553395712,272,1424,0,0,03-09 04:56:36,10170411,10176593,0,4096
53,1397604352,163,865,0,16384,03-09 04:56:37,9707520,9713613,0,4096
50,1392308224,463,4617,0,0,03-09 04:56:38,9777152,9779692,0,4096
50,1381277696,338,1556,0,0,03-09 04:56:39,8454187,8458539,0,4096
49,1381298176,163,865,0,0,03-09 04:56:40,8454144,8458112,0,4096
50,1381298176,163,865,0,0,03-09 04:56:41,8650752,8656349,0,4096
51,1381298176,272,1424,0,53248,03-09 04:56:42,7069739,7070880,0,4096
53,1381298176,163,865,0,0,03-09 04:56:43,7995559,0,0,4096
60,1398693888,429,1284,4096,0,03-09 04:56:44,4096127,4097640,4096,8192
97,1398693888,1809,185621,0,0,03-09 04:56:45,266408,265485,4096,8192
65,1402576896,14045,8699,0,0,03-09 04:56:46,8786044,8789064,0,8192
67,1397919744,295,2223,0,0,03-09 04:56:47,5419008,5418478,0,8192
64,1498509312,572,5242,0,57344,03-09 04:56:48,6271019,6277932,0,8192
50,1526083584,217,1495,0,0,03-09 04:56:49,9445376,9449297,0,8192
50,1544196096,163,865,0,0,03-09 04:56:50,9379840,9383218,0,8192
50,1542082560,272,1424,0,278528,03-09 04:56:51,8720427,8722855,0,8192
51,1537880064,163,865,0,0,03-09 04:56:52,7856128,7863401,0,16384
49,1537925120,163,799,0,24576,03-09 04:56:53,9248768,9251060,0,16384
51,1537945600,272,1424,0,0,03-09 04:56:54,9642027,9647961,0,8192
53,1545781248,163,889,0,0,03-09 04:56:55,9711616,9713613,0,8192
51,1557946368,229,997,0,16384,03-09 04:56:56,9576448,9581455,0,8192
51,1571733504,272,1424,0,0,03-09 04:56:57,7725099,7731670,0,8192
52,1586876416,463,4617,0,0,03-09 04:56:58,7663616,7665164,0,4096
52,1601736704,163,889,0,36864,03-09 04:56:59,8388608,8392033,0,4096
52,1615794176,272,1424,0,0,03-09 04:57:00,8917035,8921092,0,4096
52,1627959296,163,865,0,32768,03-09 04:57:01,8515591,8523679,0,4096
53,1644064768,215668,4834,0,0,03-09 04:57:02,6277748,485,0,4096
88,1755836416,272,1448,0,0,03-09 04:57:03,43,427,0,4096
72,1787195392,1759,3487,0,40960,03-09 04:57:04,554,5261253,0,5296128
59,1837772800,10828,8884,4096,101044224,03-09 04:57:05,9466,223632638,0,223657984
62,1839210496,3797,1666,0,0,03-09 04:57:06,12751015,12754231,0,4096
65,1893318656,163,799,0,0,03-09 04:57:07,5283840,5286320,0,4096
88,1989070848,163,775,0,0,03-09 04:57:08,1650688,1651975,0,4096
50,1984626688,572,5176,0,0,03-09 04:57:09,7200811,7203038,0,4096
51,1955733504,163,865,0,128204800,03-09 04:57:10,7659520,7665164,0,4096
50,1917911040,163,931,0,0,03-09 04:57:11,8785920,8788507,0,4096
51,1884291072,326,2054,0,0,03-09 04:57:12,8122411,8128144,0,4096
51,1884327936,163,865,0,0,03-09 04:57:13,7794688,7797322,0,4096
52,1887080448,163,865,0,0,03-09 04:57:14,7860224,7863401,0,4096
53,1948794880,272,1424,0,28672,03-09 04:57:15,8056875,8062065,0,4096
50,1951227904,229,997,0,0,03-09 04:57:16,8519680,8524191,0,4096
49,1951772672,295,2199,0,0,03-09 04:57:17,9048064,9052823,0,4096
51,1952313344,1987,117735,0,0,03-09 04:57:18,9449638,9450466,0,4096
52,1953124352,163,889,0,0,03-09 04:57:19,9973760,9977929,0,4096
52,1953124352,163,865,0,0,03-09 04:57:20,9641984,9647534,0,4096
52,1955573760,272,1424,0,16384,03-09 04:57:21,9576491,9581882,0,4096
52,1962328064,163,865,0,0,03-09 04:57:22,9317139,0,0,4096
52,1962328064,171864,2478,0,11759616,03-09 04:57:23,1982613,213726547,0,213749760
61,2016665600,538,1875,0,89165824,03-09 04:57:24,198,13885985,0,13901824
52,2010034176,1274,107360,0,135405568,03-09 04:57:25,0,124063710,0,124100608
96,2055806976,163,791,0,25935872,03-09 04:57:26,20153,345,0,8192
68,2056486912,272,1358,0,33779712,03-09 04:57:27,0,60223770,0,60231680
53,2056486912,729,4970,0,33595392,03-09 04:57:28,93118896,9841855,0,9859072
49,2056482816,163,889,0,21823488,03-09 04:57:29,96993280,63663898,0,63680512
60,2056482816,538,1875,0,205295616,03-09 04:57:30,4013565,167036703,0,167075840
67,2056482816,15482,8584,241664,0,03-09 04:57:31,10637436,10639276,241664,8192
70,2200547328,295,2223,131072,77824,03-09 04:57:32,4489216,4493372,131072,0
96,2209722368,272,1448,0,0,03-09 04:57:33,10709,345,131072,0
68,2161643520,163,931,5095424,0,03-09 04:57:34,4558848,4559451,4833280,0
50,2161643520,217,1249,6950912,48234496,03-09 04:57:35,7065600,7070453,7208960,0
49,2097033216,272,1448,9568256,48250880,03-09 04:57:36,9445419,9449724,9568256,0
50,2038722560,163,889,9961472,0,03-09 04:57:37,10104832,10110087,9961472,0
51,2018234368,463,4641,8519680,24576,03-09 04:57:38,8257536,8259875,8257536,0
50,2018320384,272,1448,6483968,0,03-09 04:57:39,8122411,8128144,6746112,0
51,2084372480,163,889,9043968,0,03-09 04:57:40,9048064,9052823,9043968,0
51,2122227712,229,1021,4943872,0,03-09 04:57:41,9777152,9779692,4943872,0
52,2127364096,314,1490,0,0,03-09 04:57:42,8122411,8128144,4943872,0
49,2127368192,163,865,0,0,03-09 04:57:43,9314304,9317139,4943872,0
50,2127368192,163,865,0,16384,03-09 04:57:44,9773056,9779692,0,1613824
50,2127368192,272,1448,0,33689600,03-09 04:57:45,0,132640973,0,132661248
50,2127368192,1582,138733,290816,67203072,03-09 04:57:46,4757886,58176942,0,58204160
52,2127368192,295,2223,0,0,03-09 04:57:47,8388608,8392033,0,58204160
50,2128769024,572,5176,0,0,03-09 04:57:48,8720427,8722855,0,8192
51,2131202048,2870,1699706,0,86016,03-09 04:57:49,6668420,6674024,0,8192
57,2134175744,277910,7626331,0,0,03-09 04:57:50,7598083,7599085,0,8192
66,2161483776,12944,7894885,0,91770880,03-09 04:57:51,0,32732712,0,32735232
48,2160652288,13615,8758441,7995392,39940096,03-09 04:57:52,0,118638282,0,118657024
49,2160652288,14961,10169714,9961472,60911616,03-09 04:57:53,67690694,41727461,0,41750528
65,2160951296,12410,8896930,8650752,61440,03-09 04:57:54,93634560,0,8912896,8192
93,2163077120,13171,9292519,9175040,0,03-09 04:57:55,9310208,9317139,9175040,0
52,2164441088,12031,8489439,8241152,95670272,03-09 04:57:56,28901376,185710113,0,185729024
18,2164543488,9988,7891039,8634368,131112960,03-09 04:57:57,2871681,43795676,114688,43823104
0,2164543488,12535,9061979,9043968,0,03-09 04:57:58,8916992,8920665,9043968,0
0,2164543488,10789,9532273,9437184,90112,03-09 04:57:59,9576448,9581455,9437184,0
0,2164760576,11972,9425451,9306112,0,03-09 04:58:00,9379883,9383645,9568256,0
0,2164760576,5095,4441494,4456448,0,03-09 04:58:01,4427776,4427294,4456448,0
0,2164760576,427,2421,0,95342592,03-09 04:58:02,2,1204,0,12288
1,2164760576,11822,9747078,9449472,0,03-09 04:58:03,9576491,9581882,9449472,8192
0,2164760576,11827,10085384,9961472,0,03-09 04:58:04,10039296,10044008,9961472,0
0,2164760576,5866,3982439,3334144,40960,03-09 04:58:05,3750281,3755622,3334144,0
0,2164760576,272,1440,0,0,03-09 04:58:06,20153,345,3334144,0
0,2164760576,163,857,0,0,03-09 04:58:07,3765,345,3334144,0
23,2164924416,75150,19508,16904192,0,03-09 04:58:08,32566566,17236,16375808,12288
49,2164916224,338,1514,37634048,0,03-09 04:58:09,76193792,0,37834752,0
57,2164858880,163,881,32841728,0,03-09 04:58:10,65445888,0,32645120,0
42,2164948992,3997,3888,7532544,36864,03-09 04:58:11,16132558,2673,8056832,0
51,2165014528,18640,12764,974848,0,03-09 04:58:12,2190207,13939,974848,20480
50,2165014528,9315,6504,8192,0,03-09 04:58:13,9020,6930,8192,8192
20,2165014528,229,4747,0,0,03-09 04:58:14,130,5131,0,8192
1,2165014528,272,1448,0,0,03-09 04:58:15,20153,345,0,8192
0,2165014528,163,865,0,94208,03-09 04:58:16,3765,345,0,8192
0,2165014528,295,2191,0,0,03-09 04:58:17,2,1204,0,8192
0,2165067776,572,2010,0,0,03-09 04:58:18,20153,345,0,8192
0,2165067776,205,907,0,0,03-09 04:58:19,3765,345,0,8192
0,2165067776,163,923,0,0,03-09 04:58:20,43,345,0,8192
1,2165067776,416,2108,0,0,03-09 04:58:21,20153,345,0,8192
34,2165067776,77329,16668,4096,12288,03-09 04:58:22,61025913,14036,4096,0
55,2165067776,163,889,0,0,03-09 04:58:23,107569152,0,4096,0
49,2165075968,11517,8483,8192,0,03-09 04:58:24,23924262,8523,8192,8192
50,2165075968,9314,6547,4096,0,03-09 04:58:25,9019,6971,4096,12288
35,2165075968,9447,10362,4096,0,03-09 04:58:26,9150,12061,4096,16384
0,2165075968,272,1448,4096,106496,03-09 04:58:27,20153,345,4096,16384
0,2165075968,463,1451,0,0,03-09 04:58:28,3765,345,4096,16384
0,2165075968,163,857,0,0,03-09 04:58:29,43,345,4096,16384
0,2165075968,272,1424,0,0,03-09 04:58:30,20153,345,4096,16384
16,2165571584,84212,19073,8904704,0,03-09 04:58:31,8257660,8260432,8896512,0
50,2149335040,361,2545,9830400,286720,03-09 04:58:32,9711616,9713613,9568256,8192
50,2092601344,272,1448,9175040,0,03-09 04:58:33,9445419,9449724,9437184,8192
49,2046373888,163,889,9306112,0,03-09 04:58:34,9179136,9184981,9306112,0
50,2041131008,163,889,9437184,0,03-09 04:58:35,9510912,9515376,9437184,0
52,2041200640,272,1448,10092544,0,03-09 04:58:36,10039339,10044435,10092544,0
50,2073198592,163,889,9568256,24576,03-09 04:58:37,9576448,9581455,9568256,0
50,2107604992,463,4641,8650752,0,03-09 04:58:38,8585216,8590270,8650752,0
51,2134667264,272,1448,9830400,0,03-09 04:58:39,9646123,9647961,9568256,0
49,2144129024,229,1211,9699328,0,03-09 04:58:40,9773056,9779692,9699328,0
50,2144399360,229,1021,10240000,0,03-09 04:58:41,10170368,10176166,10354688,0
50,2144940032,272,1448,10223616,8192,03-09 04:58:42,10436651,10440909,10223616,0
50,2146021376,163,865,10244096,73728,03-09 04:58:43,10235904,10242245,10244096,0
51,2146291712,1226,158355,10223616,0,03-09 04:58:44,10506365,10507303,10223616,4096
51,2146291712,538,1793,675840,0,03-09 04:58:45,7599330,487,675840,0
51,2146496512,13500,7816,14200832,0,03-09 04:58:46,14336124,14339700,14123008,0
51,2147307520,295,2223,10092544,24576,03-09 04:58:47,10104832,10110087,10092544,0
50,2148929536,572,5200,10092544,0,03-09 04:58:48,9773099,9780119,9830400,0
52,2155421696,163,889,7864320,65536,03-09 04:58:49,8126464,8127717,8126464,0
51,2156503040,163,889,9568256,0,03-09 04:58:50,9445376,9449297,9568256,0
51,2158125056,272,1448,8388608,0,03-09 04:58:51,8253483,8260302,8126464,0
51,2162720768,163,889,8257536,0,03-09 04:58:52,8257536,8259875,8257536,0
50,2162720768,163,889,8650752,0,03-09 04:58:53,8851456,8854586,8912896,0
50,2162720768,272,1448,9568256,0,03-09 04:58:54,9375787,9383645,9306112,0
50,2162720768,163,889,9699328,12288,03-09 04:58:55,9908224,9911850,9961472,0
51,2162720768,271,1063,10092544,0,03-09 04:58:56,9908224,9911850,9830400,0
50,2162720768,272,1448,9981952,32768,03-09 04:58:57,10039339,10044435,9981952,0
50,2163531776,463,4641,9961472,0,03-09 04:58:58,10170368,10176166,10223616,0
50,2171371520,163,889,8257536,0,03-09 04:58:59,8716295,8721916,8257536,0
51,2177392640,212074,10878,8642560,0,03-09 04:59:00,8192170,8194780,8769536,0
51,2186584064,163,889,10485760,61440,03-09 04:59:01,10240000,10242245,10354688,0
51,2197127168,295,2223,10223616,245760,03-09 04:59:02,10301440,10308324,10223616,8192
50,2203344896,272,1448,9043968,0,03-09 04:59:03,8917035,8921092,8781824,8192
51,2212265984,163,889,9699328,0,03-09 04:59:04,9973760,9977929,9961472,0
51,2220105728,163,889,10616832,0,03-09 04:59:05,10170368,10176166,10354688,0
51,2229026816,272,1514,10092544,0,03-09 04:59:06,10436651,10440909,10354688,0
51,2239569920,283,1825,10223616,32768,03-09 04:59:07,10039296,10044008,9961472,0
51,2245787648,463,4641,10354688,0,03-09 04:59:08,10567680,10572640,10616832,0
51,2254979072,272,1448,9175040,0,03-09 04:59:09,9244715,9251487,9175040,0
52,2261692416,1458,114614,10878976,0,03-09 04:59:10,10903675,10903777,10878976,0
50,2270883840,163,889,9457664,0,03-09 04:59:11,9576448,9581455,9457664,0
51,2278453248,272,1448,9437184,36864,03-09 04:59:12,9375787,9383645,9175040,0
50,2287644672,1406,134470,7208960,0,03-09 04:59:13,7663748,7665394,7471104,0
49,2295279616,171596,10595,7606272,0,03-09 04:59:14,7401599,7401405,7340032,0
51,2304471040,314,1490,7090176,0,03-09 04:59:15,9904171,9912277,7340032,0
51,2310635520,163,889,0,0,03-09 04:59:16,9379840,9383218,7340032,0
65,1760972800,295,2199,0,65536,03-09 04:59:17,5021696,5022004,7340032,0
50,1760972800,572,5176,0,0,03-09 04:59:18,8519723,8524618,0,4096
49,1760972800,163,889,0,0,03-09 04:59:19,9641984,9647534,0,4096
50,1755717632,54,156,0,0,03-09 04:59:20,9973760,9977929,0,4096
50,1755717632,272,1656,1531904,0,03-09 04:59:21,9510955,9515803,1531904,0
50,1755717632,229,955,3670016,0,03-09 04:59:22,8785920,8788507,3407872,0
50,1755725824,163,1145,7630848,16384,03-09 04:59:23,9773056,9779692,7630848,0
50,1755725824,338,1580,9961472,0,03-09 04:59:24,10039339,10044435,9961472,0
55,1755725824,163,889,8912896,0,03-09 04:59:25,8982528,8986744,8912896,0
50,1755725824,163,889,8679424,0,03-09 04:59:26,9113600,9118902,8941568,0
50,1755734016,272,1448,8912896,0,03-09 04:59:27,9048107,9053250,8912896,0
50,1755750400,8727,4080976,14159872,12288,03-09 04:59:28,14270721,14274363,14159872,4096
53,1755910144,142216,6106570,6033408,0,03-09 04:59:29,6275075,6276993,6029312,0
13,1755910144,13196,9022201,8912896,0,03-09 04:59:30,8982571,8987171,8912896,0
0,1755910144,11761,8787175,8650752,0,03-09 04:59:31,8650752,8656349,8650752,0
1,1755910144,15613,11164012,11272192,69632,03-09 04:59:32,11165696,11167351,11010048,8192
1,1755910144,16310,11400193,11059200,73728,03-09 04:59:33,11292715,11299936,11321344,8192
1,1755910144,15751,10722909,720896,0,03-09 04:59:34,10698752,10704798,720896,0
0,1755910144,14959,10538122,0,0,03-09 04:59:35,10502144,10506561,720896,0
0,1755910144,16484,11210091,0,0,03-09 04:59:36,11161643,11167778,720896,0
1,1755910144,14695,10506101,0,73728,03-09 04:59:37,10502144,10506561,720896,0
0,1755910144,17119,10659065,0,20480,03-09 04:59:38,10567680,10572640,0,4096
1,1755910144,16784,10535762,0,0,03-09 04:59:39,10502187,10506988,0,4096
0,1755910144,15031,9762661,0,0,03-09 04:59:40,9773056,9779692,0,4096
14,1756078080,75598,2648367,4096,0,03-09 04:59:41,2300297,2301884,4096,4096
58,1756250112,18970,11460,409600,73728,03-09 04:59:42,18036,11956,8192,20480
49,1756323840,34385,22586,4096,0,03-09 04:59:43,22186,14822,4096,16384
47,1757224960,74749,36933,98304,0,03-09 04:59:44,12157052,12159094,98304,4096
51,1757220864,272,1448,0,0,03-09 04:59:45,8388651,8392460,98304,4096
51,1757220864,163,865,0,0,03-09 04:59:46,8716288,8722428,98304,4096
50,1758580736,337,2265,0,348160,03-09 04:59:47,8982528,8986744,98304,4096
52,1758580736,638,5152,0,0,03-09 04:59:48,8257579,8260302,98304,4096
50,1762168832,163,865,0,0,03-09 04:59:49,8982528,8986744,98304,4096
53,1762168832,163,865,0,0,03-09 04:59:50,9641984,9647534,98304,4096
50,1762168832,338,1424,0,0,03-09 04:59:51,9642027,9647961,98304,4096
50,1754271744,163,931,0,0,03-09 04:59:52,10305536,10308324,98304,4096
50,1754284032,217,1225,0,12288,03-09 04:59:53,10633216,10638719,98304,4096
50,1754292224,338,1556,0,0,03-09 04:59:54,10039339,10044435,98304,4096
50,1754288128,163,865,0,0,03-09 04:59:55,9576448,9581455,98304,4096
50,1754288128,163,865,0,0,03-09 04:59:56,8916992,8920665,98304,4096
51,1754288128,272,1424,0,0,03-09 04:59:57,8650795,8656776,98304,4096
52,1754288128,463,4617,0,0,03-09 04:59:58,8920897,3556,98304,4096
73,1763373056,1552,133564,0,12288,03-09 04:59:59,1061116,1058020,0,4096
66,1763454976,538,3646,0,0,03-09 05:00:00,19987,345,0,4096
64,1763672064,13887,8338,0,0,03-09 05:00:01,12021884,12026935,0,8192
64,1763672064,295,931,0,65536,03-09 05:00:02,6606848,6607900,0,16384
59,1763672064,272,2716,0,0,03-09 05:00:03,7000107,7004801,0,8192
50,1752715264,163,889,0,57344,03-09 05:00:04,8388608,8392033,0,8192
50,1735905280,163,865,0,0,03-09 05:00:05,8650752,8656349,0,8192
50,1719095296,272,1424,0,0,03-09 05:00:06,8454187,8458539,0,4096
50,1712812032,163,889,0,0,03-09 05:00:07,9510912,9515376,0,4096
50,1719631872,463,4617,0,0,03-09 05:00:08,9646080,9647534,0,4096
51,1725579264,272,1448,0,0,03-09 05:00:09,9375787,9383645,0,4096
52,1725579264,163,865,0,20480,03-09 05:00:10,8720384,8722428,0,4096
49,1725587456,229,997,0,0,03-09 05:00:11,8388608,8392033,0,4096
49,1725579264,272,1424,0,339968,03-09 05:00:12,9510955,9515803,0,4096
49,1725587456,163,865,0,0,03-09 05:00:13,9773056,9779692,0,4096
50,1725583360,163,865,0,0,03-09 05:00:14,10039296,10044008,0,4096
49,1725575168,272,1490,0,12288,03-09 05:00:15,9179186,9184896,0,4096
51,1725579264,286865,3680,4096,0,03-09 05:00:16,6277750,487,4096,0
84,1802731520,295,955,0,8192,03-09 05:00:17,2,1204,4096,0
74,1804410880,572,6444,0,0,03-09 05:00:18,19987,345,4096,0
51,1832976384,14577,9563,36864,100855808,03-09 05:00:19,866282,228547733,36864,228589568
62,1898233856,163,889,0,102400,03-09 05:00:20,5812224,5814952,0,4096
56,1992343552,272,1448,0,0,03-09 05:00:21,6737963,6740485,0,4096
50,1994874880,163,865,0,0,03-09 05:00:22,7991296,7995559,0,4096
49,2003316736,163,865,0,0,03-09 05:00:23,8454144,8458112,0,4096
49,2020126720,272,1424,0,127827968,03-09 05:00:24,9048107,9053250,0,4096
51,2033647616,163,889,0,0,03-09 05:00:25,9510912,9515376,0,4096
50,2039865344,163,865,0,32768,03-09 05:00:26,9445376,9449297,0,4096
51,2039873536,272,1424,0,0,03-09 05:00:27,8388651,8392460,0,4096
52,2039873536,463,4617,0,0,03-09 05:00:28,9379840,9383218,0,4096
52,2044469248,229,997,0,0,03-09 05:00:29,7991296,7995559,0,4096
49,2055012352,2323,172840,0,0,03-09 05:00:30,8589478,8591439,0,4096
52,2090168320,163,889,0,0,03-09 05:00:31,7725056,7731243,0,4096
51,2113134592,295,931,0,16384,03-09 05:00:32,8257536,8259875,0,4096
49,2144780288,272,2692,0,0,03-09 05:00:33,9244715,9251487,0,4096
50,2167488512,163,865,0,0,03-09 05:00:34,9777152,9779692,0,4096
50,2185867264,138209,156605,0,0,03-09 05:00:35,9647777,484,0,4096
51,2194227200,538,1851,0,134443008,03-09 05:00:36,198,227306616,0,227348480
89,2270683136,163,889,0,69632,03-09 05:00:37,3765,345,0,4096
72,2270814208,463,4707,0,24117248,03-09 05:00:38,232,7828480,0,7831552
53,2288873472,326,2078,0,90910720,03-09 05:00:39,0,109457353,0,109481984
50,2288873472,429,1218,0,172339200,03-09 05:00:40,35815624,76843248,0,76849152
60,2288873472,163,889,0,0,03-09 05:00:41,99999744,0,0,4096
44,2288873472,272,1440,0,24350720,03-09 05:00:42,54427648,195733943,0,195756032
56,2288943104,15682,9011,8175616,143745024,03-09 05:00:43,4491306,34975112,65536,35016704
55,2279452672,163,889,8126464,0,03-09 05:00:44,8257536,8259875,8126464,0
50,2269995008,272,1448,8912896,0,03-09 05:00:45,8917035,8921092,8912896,0
50,2267369472,163,889,10223616,0,03-09 05:00:46,10170368,10176166,10223616,0
49,2265268224,295,955,5738496,102400,03-09 05:00:47,10170368,10176166,5738496,0
51,2265305088,572,6468,0,62930944,03-09 05:00:48,9777195,9780119,5738496,0
51,2265305088,163,865,1531904,0,03-09 05:00:49,8253440,8259875,1531904,0
51,2265305088,163,889,0,0,03-09 05:00:50,9117696,9118902,1531904,0
51,2270416896,272,1424,5271552,0,03-09 05:00:51,9375787,9383645,5009408,0
81,2292035584,163,889,3407872,0,03-09 05:00:52,3768320,3766503,3670016,0
82,2292080640,229,931,1572864,28672,03-09 05:00:53,1253376,1255501,1310720,0
50,2292125696,272,1448,9961472,0,03-09 05:00:54,10104875,10110514,9961472,0
50,2292113408,163,889,9961472,0,03-09 05:00:55,10170368,10176166,10223616,0
50,2292113408,1142,99081,1601536,33693696,03-09 05:00:56,1519817,115305591,0,115318784
49,2292125696,538,38662,4435968,67194880,03-09 05:00:57,4229254,76974890,0,77004800
51,2296991744,463,4641,10051584,0,03-09 05:00:58,9842688,9845771,9789440,0
49,2299424768,8960,5576936,14270464,65536,03-09 05:00:59,14073981,14075384,14270464,0
53,2299424768,11840,7860289,11534336,0,03-09 05:01:00,11948082,11960214,11534336,0
54,2299424768,115589,9259676,9310208,0,03-09 05:01:01,9113603,9118902,9306112,0
58,2316083200,10939,8389753,8392704,91619328,03-09 05:01:02,0,53874821,4096,53874688
48,2316083200,11348,9109332,9048064,100835328,03-09 05:01:03,0,131801083,0,131829760
51,2316185600,12105,10467032,10616832,33591296,03-09 05:01:04,118612168,7504871,10616832,8192
55,2315988992,15243,10052125,9183232,78778368,03-09 05:01:05,71614464,103529488,0,103542784
27,2315665408,14884,8558557,9056256,148185088,03-09 05:01:06,2953999,126075280,4096,126107648
1,2315665408,11779,10480958,10485760,0,03-09 05:01:07,10432512,10440482,10485760,0
0,2315665408,11947,10080809,10092544,0,03-09 05:01:08,10039296,10044008,10092544,0
1,2315665408,12578,10002716,9961472,0,03-09 05:01:09,9777195,9780119,9699328,0
0,2315665408,3895,3262032,3223552,98304,03-09 05:01:10,3432448,3436108,3485696,0
0,2315665408,1219,757182,528384,61829120,03-09 05:01:11,598016,594711,524288,0
1,2315665408,12122,9600664,9437184,0,03-09 05:01:12,9576491,9581882,9437184,0
0,2315665408,2377,1614866,1835008,0,03-09 05:01:13,1716224,1718054,1835008,0
0,2315665408,7795,6109574,6029312,0,03-09 05:01:14,6008832,6013190,6029312,0
0,2315665408,7451,5837704,5038080,0,03-09 05:01:15,5536180,5540182,5038080,0
0,2315665408,163,799,0,32768,03-09 05:01:16,3766,345,5038080,0
40,2315882496,74972,17063,11833344,0,03-09 05:01:17,22826165,13687,11833344,8192
21,2315882496,572,5200,11632640,0,03-09 05:01:18,22823144,3556,11354112,0
47,2315882496,229,955,39587840,0,03-09 05:01:19,79970304,0,39768064,0
58,2315882496,1271,1695,32239616,0,03-09 05:01:20,64717768,935,32239616,0
0,2315882496,338,1581,0,0,03-09 05:01:21,20153,345,32239616,0
40,2315882496,2823,2840,151552,32768,03-09 05:01:22,3766,345,151552,0
96,2320977920,163,889,0,0,03-09 05:01:23,43,345,151552,0
75,2321006592,9489,7148,929792,0,03-09 05:01:24,2029729,6969,929792,8192
50,2321137664,9368,5204,8192,0,03-09 05:01:25,9019,6928,8192,8192
47,2321137664,9381,8281,188416,0,03-09 05:01:26,9150,12062,188416,16384
1,2321137664,272,5197,0,86016,03-09 05:01:27,20153,345,188416,16384
0,2321137664,463,1451,0,0,03-09 05:01:28,3766,345,188416,16384
0,2321137664,163,865,0,0,03-09 05:01:29,43,345,188416,16384
1,2321137664,272,1416,0,0,03-09 05:01:30,20153,345,188416,16384
23,2321137664,75653,16515,12288,0,03-09 05:01:31,49786407,14036,12288,4096
55,2321137664,295,955,0,0,03-09 05:01:32,128679936,0,12288,4096
63,2321457152,11517,8078,159744,28672,03-09 05:01:33,13901441,8517,159744,8192
51,2321457152,9314,6504,8192,0,03-09 05:01:34,23876,345,8192,8192
45,2321514496,9381,8281,8192,0,03-09 05:01:35,9150,12061,8192,16384
0,2321514496,272,5197,0,73728,03-09 05:01:36,43,427,0,8192
0,2321514496,163,889,0,0,03-09 05:01:37,23876,345,0,4096
0,2321514496,463,1467,0,110592,03-09 05:01:38,232,390,0,4096
0,2321514496,272,1424,0,0,03-09 05:01:39,43,427,0,8192
28,2322137088,44551,13344,13045760,0,03-09 05:01:40,11034748,11035750,11517952,0
50,2319003648,205,931,10092544,131072,03-09 05:01:41,10235904,10242245,10354688,0
50,2252288000,272,1448,10616832,0,03-09 05:01:42,10436651,10440909,10354688,0
50,2228125696,163,889,8650752,126976,03-09 05:01:43,8716288,8722428,8650752,0
50,2219720704,163,889,8781824,0,03-09 05:01:44,8851456,8854586,9043968,0
51,2219778048,272,1448,9191424,0,03-09 05:01:45,9244715,9251487,9175040,0
50,2247667712,163,889,9568256,0,03-09 05:01:46,9445376,9449297,9568256,0
50,2277998592,295,2289,9437184,0,03-09 05:01:47,9510912,9515376,9437184,0
50,2289352704,770,5884,10010624,16384,03-09 05:01:48,9777195,9780119,9830400,0
51,2293948416,163,889,8650752,0,03-09 05:01:49,8716288,8722428,8650752,0
51,2293948416,229,1021,9830400,0,03-09 05:01:50,9777152,9779692,9830400,0
51,2295570432,272,1448,9437184,0,03-09 05:01:51,9510955,9515803,9437184,0
51,2297229312,163,889,8146944,0,03-09 05:01:52,8253440,8259875,8146944,0
50,2297229312,163,889,8912896,12288,03-09 05:01:53,8982528,8986744,8912896,0
51,2297229312,2481,241890,2359296,0,03-09 05:01:54,8722428,0,2359296,4096
51,2297274368,13766,8243,11399168,0,03-09 05:01:55,10903803,10904334,11386880,0
50,2299166720,163,889,9568256,24576,03-09 05:01:56,9641984,9647534,9568256,0
51,2303492096,272,1448,10485760,0,03-09 05:01:57,10305579,10308751,10223616,0
51,2310254592,463,4641,9830400,65536,03-09 05:01:58,10039296,10044008,10092544,0
51,2324848640,163,889,10354688,0,03-09 05:01:59,10170368,10176166,10354688,0
50,2334040064,272,1448,10223616,0,03-09 05:02:00,10235947,10242672,9961472,0
50,2342961152,163,889,10092544,8192,03-09 05:02:01,10039296,10044008,10092544,0
50,2353774592,295,955,10223616,0,03-09 05:02:02,10371072,10374403,10485760,0
51,2362966016,272,2716,10616832,24576,03-09 05:02:03,10567723,10573067,10616832,0
50,2369183744,163,889,9830400,0,03-09 05:02:04,9641984,9647534,9568256,0
50,2379726848,229,1021,9699328,0,03-09 05:02:05,9973760,9977929,9961472,0
52,2389327872,272,1448,10244096,94208,03-09 05:02:06,10170411,10176593,9981952,8192
55,1793351680,163,889,8126464,0,03-09 05:02:07,8257536,8259875,8388608,0
50,1793351680,142942,7132,4587520,0,03-09 05:02:08,12158813,3810,4587520,0
50,1793429504,13609,8375,12959744,49152,03-09 05:02:09,12288167,12291678,12697600,8192
50,1787633664,163,955,9306112,0,03-09 05:02:10,9445376,9449297,9568256,0
49,1787637760,217,1519,10616832,8192,03-09 05:02:11,10301440,10308324,10354688,0
50,1787645952,272,1448,9175040,0,03-09 05:02:12,9510955,9515803,9437184,0
50,1787645952,163,889,9306112,0,03-09 05:02:13,9183232,9184981,9306112,0
50,1787645952,205,931,9437184,61440,03-09 05:02:14,9310208,9317139,9175040,0
49,1787645952,272,1448,9830400,0,03-09 05:02:15,9908267,9912277,10092544,0
49,1787645952,229,1211,8912896,147456,03-09 05:02:16,9048064,9052823,8912896,0
49,1787641856,295,955,8781824,0,03-09 05:02:17,8720384,8722428,8781824,0
52,1787645952,1867,143761,8650752,0,03-09 05:02:18,8982694,8987913,8650752,0
50,1787645952,229,36037,10092544,0,03-09 05:02:19,9908224,9911850,9830400,0
50,1787645952,163,889,10244096,36864,03-09 05:02:20,10436608,10440482,10506240,0
51,1787645952,272,1448,10223616,0,03-09 05:02:21,10170411,10176593,9961472,0
50,1787645952,163,889,7733248,0,03-09 05:02:22,8318983,8325442,7995392,0
52,1787645952,169515,9551,249856,0,03-09 05:02:23,5419135,5419035,114688,0
50,1788416000,272,1448,2097152,0,03-09 05:02:24,11292715,11299936,2228224,0
50,1789767680,1130,155109,9437184,0,03-09 05:02:25,9646205,9648276,9437184,0
49,1789767680,163,889,10862592,61440,03-09 05:02:26,10764288,10770877,10600448,0
51,1791930368,272,1448,9961472,0,03-09 05:02:27,10039339,10044435,9961472,0
51,1791930368,463,4641,9699328,0,03-09 05:02:28,10039296,10044008,9961472,0
49,1791930368,163,889,7532544,0,03-09 05:02:29,8851456,8854586,7270400,0
50,1792741376,272,1448,8617984,0,03-09 05:02:30,8917035,8921092,8880128,0
50,1794236416,163,889,3158016,28672,03-09 05:02:31,8652811,8656460,3158016,0
50,1795317760,295,2223,0,0,03-09 05:02:32,7925760,7929480,3158016,0
51,1795317760,338,1622,0,0,03-09 05:02:33,7331883,7335196,3158016,0
50,1795317760,217,1495,0,0,03-09 05:02:34,8323072,8325954,3158016,0
50,1795321856,163,865,7602176,0,03-09 05:02:35,9379840,9383218,7602176,0
50,1795321856,272,1448,10485760,73728,03-09 05:02:36,10436651,10440909,10223616,8192
49,1795305472,229,1211,7868416,0,03-09 05:02:37,8515591,8523679,8130560,0
51,1795305472,240142,6473,4096,0,03-09 05:02:38,5749158,4045,4096,4096
51,1795305472,14398,8706,15073280,0,03-09 05:02:39,14930087,14934838,14811136,8192
50,1794781184,1556,203741,4194304,0,03-09 05:02:40,10371197,10375145,4456448,4096
51,1794781184,163,889,16384,98304,03-09 05:02:41,10502144,10506561,16384,0
50,1794781184,272,1448,225280,0,03-09 05:02:42,9314347,9317566,225280,0
51,1794781184,205,955,4415488,0,03-09 05:02:43,10039296,10044008,4415488,0
50,1794781184,163,865,2588672,0,03-09 05:02:44,9904128,9911850,2580480,0
51,1794781184,272,1448,0,0,03-09 05:02:45,10436651,10440909,2580480,0
50,1794781184,163,865,0,69632,03-09 05:02:46,10170368,10176166,2580480,0
50,1793728512,337,2241,0,0,03-09 05:02:47,10567680,10572640,2580480,0
51,1793728512,572,5176,0,0,03-09 05:02:48,10174507,10176593,2580480,0
51,1794269184,241,1295,0,0,03-09 05:02:49,10567680,10572640,2580480,0
50,1794269184,163,865,0,0,03-09 05:02:50,9628038,9636653,2580480,0
51,1794273280,538,1852,0,110592,03-09 05:02:51,6795933,363,2580480,0
50,1794428928,96926,41282,28672,28672,03-09 05:02:52,91334,40396,28672,20480
51,1794535424,18464,12227,0,0,03-09 05:02:53,17909,11957,0,16384
43,1794621440,45078,34411,110592,0,03-09 05:02:54,39682,28454,110592,20480
59,1795919872,87156,57543,176128,0,03-09 05:02:55,12157052,12159093,176128,0
52,1795919872,163,1089,0,12288,03-09 05:02:56,9048064,9052823,176128,0
55,1798070272,380,2054,0,303104,03-09 05:02:57,7860267,7863828,176128,0
57,1798070272,463,4188,0,0,03-09 05:02:58,9048064,9052823,176128,0
57,1798070272,163,865,0,0,03-09 05:02:59,8650752,8656349,176128,0
57,1794932736,272,1424,0,0,03-09 05:03:00,8388651,8392460,176128,0
57,1794408448,229,1163,73728,0,03-09 05:03:01,8785920,8788507,73728,4096
66,1794408448,295,2223,0,16384,03-09 05:03:02,6934528,6938295,73728,4096
60,1794420736,272,1424,0,0,03-09 05:03:03,7065643,7070880,73728,4096
51,1791270912,163,865,0,0,03-09 05:03:04,10964992,10969114,73728,4096
52,1788661760,229,997,0,0,03-09 05:03:05,10764288,10770877,73728,4096
53,1787084800,272,1424,0,65536,03-09 05:03:06,10039339,10044435,0,16384
53,1787084800,163,799,0,0,03-09 05:03:07,9711616,9713613,0,4096
52,1787084800,463,4212,0,24576,03-09 05:03:08,9838592,9845771,0,4096
53,1787088896,272,1424,0,0,03-09 05:03:09,6008882,6013104,0,8192
54,1787817984,15531,183997,0,0,03-09 05:03:10,9716088,9715654,0,16384
55,1788010496,163,889,4096,4096,03-09 05:03:11,8916992,8920665,4096,4096
51,1788166144,272,1448,0,0,03-09 05:03:12,10567723,10573067,4096,4096
51,1788170240,163,865,0,0,03-09 05:03:13,9908224,9911850,4096,4096
51,1788170240,163,865,0,53248,03-09 05:03:14,9838592,9845771,4096,4096
53,1788170240,272,1424,0,0,03-09 05:03:15,9048107,9053250,4096,4096
54,1788174336,163,865,0,0,03-09 05:03:16,8982528,8986744,4096,4096
53,1788174336,295,2199,0,0,03-09 05:03:17,8654848,8656349,4096,4096
52,1788174336,572,4747,0,0,03-09 05:03:18,9973803,9978356,4096,4096
53,1788174336,163,931,0,12288,03-09 05:03:19,10170368,10176166,4096,4096
52,1788174336,325,1669,0,0,03-09 05:03:20,10436608,10440482,4096,4096
56,1789521920,272,1424,0,0,03-09 05:03:21,9904171,9912277,4096,4096
53,1790332928,163,865,0,0,03-09 05:03:22,9183232,9184981,4096,4096
52,1791414272,163,865,0,0,03-09 05:03:23,10366976,10374403,4096,4096
65,1791954944,272,1424,0,12288,03-09 05:03:24,8193796,0,4096,4096
87,1791954944,163,857,0,0,03-09 05:03:25,23876,345,4096,4096
50,1800884224,125523,8932,0,278528,03-09 05:03:26,11493503,11498303,0,12288
51,1800884224,272,1448,0,0,03-09 05:03:27,10833963,10837383,0,12288
51,1825914880,463,4188,0,0,03-09 05:03:28,9641984,9647534,0,12288
54,1848774656,163,865,0,0,03-09 05:03:29,9248768,9251060,0,12288
52,1875816448,272,1424,0,61440,03-09 05:03:30,9642027,9647961,0,12288
52,1898287104,163,865,0,0,03-09 05:03:31,8585216,8590270,0,12288
52,1921265664,295,2199,0,0,03-09 05:03:32,8519680,8524191,0,12288
52,1953337344,272,1424,0,0,03-09 05:03:33,8388651,8392460,0,12288
54,1974214656,163,865,0,0,03-09 05:03:34,9113600,9118902,0,12288
54,1996877824,163,865,0,0,03-09 05:03:35,8982528,8986744,0,12288
50,1996877824,338,1556,0,73728,03-09 05:03:36,1057264,119366465,0,119377920
52,2007953408,163,889,0,100827136,03-09 05:03:37,3766503,78929240,0,78958592
51,2015195136,463,4212,0,0,03-09 05:03:38,8656517,18789970,0,18796544
48,2015195136,272,1448,4096,33611776,03-09 05:03:39,7731243,16064502,0,16080896
49,2015195136,1446,155638,0,0,03-09 05:03:40,8590270,18599360,0,18599936
50,2015195136,163,889,0,33775616,03-09 05:03:41,8590270,18566796,0,18583552
49,2014666752,272,1514,0,0,03-09 05:03:42,7797322,16904158,0,16904192
44,2027851776,107350,3650,4096,122683392,03-09 05:03:43,58342425,3958680,0,3964928
51,2027851776,163,889,0,0,03-09 05:03:44,133767168,349,0,4096
49,2027851776,2235,152829,0,0,03-09 05:03:45,93978624,0,0,8192
50,2027966464,15095,45117,0,61440,03-09 05:03:46,16052348,16057754,0,8192
52,2042281984,295,2223,0,0,03-09 05:03:47,8650752,8656349,0,8192
53,2059837440,572,4747,0,0,03-09 05:03:48,8323115,8326381,0,8192
54,2094854144,163,865,0,0,03-09 05:03:49,8982528,8986744,0,8192
52,2125549568,163,865,0,0,03-09 05:03:50,9510912,9515376,0,8192
51,2150150144,272,1424,0,40960,03-09 05:03:51,9908267,9912277,0,8192
53,2171236352,561,1207,315392,24576,03-09 05:03:52,9641984,9647534,0,8192
55,2211139584,163,865,0,0,03-09 05:03:53,8982528,8986744,0,8192
54,2232762368,272,1334,0,0,03-09 05:03:54,8785963,8788934,0,8192
51,2243485696,163,865,0,0,03-09 05:03:55,7334769,33107739,0,33107968
52,2254540800,229,931,8192,67989504,03-09 05:03:56,0,131205994,0,131223552
48,2263973888,314,1392,6787072,67334144,03-09 05:03:57,6343584,39660073,0,39686144
50,2264231936,505,4164,5791744,0,03-09 05:03:58,8788675,18349706,0,18358272
49,2264231936,163,799,4096,100184064,03-09 05:03:59,7797322,16936343,0,16941056
50,2264231936,272,1358,0,0,03-09 05:04:00,8524191,18436376,0,18436096
49,2264231936,163,799,0,0,03-09 05:04:01,8392033,18265254,0,18264064
50,2264231936,210007,3623,0,45056,03-09 05:04:02,19435122,13859988,0,13860864
50,2264231936,272,1448,0,0,03-09 05:04:03,145244160,0,0,13860864
77,2407813120,163,857,0,0,03-09 05:04:04,31956992,351,0,4096
87,2399449088,163,955,0,0,03-09 05:04:05,43,345,0,4096
89,2404757504,326,2054,0,0,03-09 05:04:06,43,427,0,4096
49,2404757504,494,1005,0,20480,03-09 05:04:07,95649792,0,0,4096
50,2401779712,15405,144607,278528,0,03-09 05:04:08,12820729,12820625,262144,4096
54,2405777408,272,1448,0,0,03-09 05:04:09,8585259,8590697,262144,4096
53,2405777408,163,865,0,0,03-09 05:04:10,9048064,9052823,262144,4096
54,2398986240,163,865,0,0,03-09 05:04:11,8720384,8722428,262144,4096
51,2398986240,272,1424,0,0,03-09 05:04:12,10367019,10374830,262144,4096
53,2398986240,163,865,1703936,45056,03-09 05:04:13,10305536,10308324,1703936,0
53,2398986240,163,889,10223616,0,03-09 05:04:14,10170368,10176166,9961472,0
51,2398994432,272,1448,9437184,0,03-09 05:04:15,9642027,9647961,9699328,0
53,2398994432,163,889,9437184,0,03-09 05:04:16,9445376,9449297,9437184,0
51,2398994432,295,2223,7344128,22564864,03-09 05:04:17,7268690,37736859,4096,37740544
48,2398932992,638,4903,4096,133812224,03-09 05:04:18,168,126723327,0,126754816
50,2398932992,163,889,7049216,33591296,03-09 05:04:19,7004374,40820054,0,40837120
48,2398932992,163,889,6561792,21487616,03-09 05:04:20,6607900,14173685,0,14172160
50,2398932992,272,1448,6291456,64196608,03-09 05:04:21,6475742,14075868,0,14082048
49,2398932992,163,889,6815744,0,03-09 05:04:22,6872216,14760542,0,14757888
50,2398932992,163,889,2809856,61440,03-09 05:04:23,8590270,18615552,0,18616320
50,2398932992,538,1876,0,0,03-09 05:04:24,111528718,3502275,0,3506176
50,2398932992,163,889,0,0,03-09 05:04:25,102080512,351,0,4096
46,2398932992,66428,21317,241664,0,03-09 05:04:26,58439486,20388,241664,12288
50,2398932992,9314,5045,8192,0,03-09 05:04:27,8846,6576,8192,8192
49,2405380096,9505,11211,11022336,77824,03-09 05:04:28,21111542,9631,10674176,8192
45,2405376000,217,1527,45068288,0,03-09 05:04:29,89825280,0,45146112,0
46,2405376000,272,1440,39567360,0,03-09 05:04:30,79331328,423,39837696,0
49,2405376000,163,889,13443072,0,03-09 05:04:31,26181632,0,13168640,0
46,2405376000,295,2215,33411072,0,03-09 05:04:32,66494464,0,33419264,0
49,2405376000,9381,6748,3801088,69632,03-09 05:04:33,109297118,6548,4067328,12288
50,2405376000,163,889,0,0,03-09 05:04:34,89178112,426,4067328,12288
85,2406068224,205,931,0,0,03-09 05:04:35,43,345,4067328,12288
96,2406068224,272,1400,0,0,03-09 05:04:36,43,427,4067328,12288
51,2406068224,163,865,8192,0,03-09 05:04:37,44023808,0,8192,0
50,2406068224,9506,9512,20480,0,03-09 05:04:38,103999170,9676,20480,8192
59,2406068224,272,1448,0,53248,03-09 05:04:39,111706112,0,20480,8192
50,2406068224,163,857,0,0,03-09 05:04:40,44490752,426,20480,8192
46,2406121472,71183,45935,262144,0,03-09 05:04:41,65856830,43202,147456,0
50,2406125568,9314,5088,0,0,03-09 05:04:42,8846,6619,0,12288
48,2406125568,9205,6154,15503360,0,03-09 05:04:43,30048910,6504,15052800,8192
50,2406121472,229,2879,42536960,0,03-09 05:04:44,85843968,0,42688512,0
48,2405572608,272,1440,36687872,98304,03-09 05:04:45,74375168,423,36986880,0
47,2404859904,163,889,24809472,0,03-09 05:04:46,49332224,0,24588288,0
45,2404847616,9338,5934,38735872,0,03-09 05:04:47,77741534,6548,38662144,8192
44,2404745216,572,6360,50204672,0,03-09 05:04:48,100999336,3127,50180096,0
54,2404618240,163,889,31145984,0,03-09 05:04:49,63078400,426,31465472,0
48,2404618240,163,889,22974464,53248,03-09 05:04:50,45727744,0,22786048,0
44,2404618240,9381,6814,37666816,50573312,03-09 05:04:51,74434138,6549,37588992,28672
43,2404515840,217,1527,52084736,0,03-09 05:04:52,103825408,0,52219904,0
50,2404458496,163,881,32964608,0,03-09 05:04:53,65871872,426,33095680,0
48,2404454400,272,1448,38006784,0,03-09 05:04:54,44769280,0,37863424,0
18,2404384768,229,4389,34766848,86016,03-09 05:04:55,35375944,4781,34910208,8192
0,2404384768,163,889,4096,184320,03-09 05:04:56,43,345,34910208,8192
6,2404384768,39820,19009,106496,0,03-09 05:04:57,41960,15215,106496,4096
22,2388557824,86137,15195,10674176,0,03-09 05:04:58,7929980,7930037,8372224,0
54,2383896576,1299,2160,9887744,0,03-09 05:04:59,9773056,9779692,9830400,0
50,2383372288,272,1448,9961472,241664,03-09 05:05:00,10170411,10176593,10223616,0
49,2383376384,163,889,9568256,0,03-09 05:05:01,9510912,9515376,9568256,0
50,2383384576,295,2223,10223616,0,03-09 05:05:02,10108928,10110087,9961472,0
50,2383384576,272,1448,10616832,0,03-09 05:05:03,10567723,10573067,10616832,0
50,2383388672,163,889,10092544,0,03-09 05:05:04,10301440,10308324,10354688,0
50,2383392768,163,889,10747904,0,03-09 05:05:05,10698752,10704798,10747904,0
50,2383396864,272,1448,10092544,16384,03-09 05:05:06,10039339,10044435,10092544,0
49,2383400960,229,1211,8650752,0,03-09 05:05:07,8720384,8722428,8650752,0
50,2383417344,529,4344,9306112,0,03-09 05:05:08,9113600,9118902,9043968,0
50,2383417344,272,1448,8388608,0,03-09 05:05:09,8650795,8656776,8650752,0
50,2383421440,163,889,8146944,0,03-09 05:05:10,8323072,8325954,8146944,0
50,2383421440,1284,99147,8409088,12288,03-09 05:05:11,8327291,8326511,8404992,0
50,2383425536,2284,191178,2883584,4096,03-09 05:05:12,8590270,0,2887680,4096
58,2385793024,6421959,10281279,10780672,0,03-09 05:05:13,10305664,10308881,10452992,0
50,2386333696,8400250,9135324,9043968,0,03-09 05:05:14,9183232,9184981,9306112,0
49,2386874368,10006604,10219680,9961472,0,03-09 05:05:15,10039339,10044435,9961472,0
49,2391166976,9706185,9555213,9748480,0,03-09 05:05:16,9510912,9515376,9568256,0
50,2394673152,10778100,8088460,8126464,49152,03-09 05:05:17,8122368,8127717,8126464,0
50,2396827648,10277127,9931775,9830400,0,03-09 05:05:18,9707563,9714040,9830400,0
50,2399522816,9054196,9473572,9568256,0,03-09 05:05:19,9445376,9449297,9306112,0
50,2401136640,8767343,9294441,9175040,0,03-09 05:05:20,9248768,9251060,9175040,0
50,2401669120,8637097,9872943,9830400,61440,03-09 05:05:21,9707563,9714040,9830400,16384
49,2402201600,8999033,8850236,8650752,24576,03-09 05:05:22,8916992,8920665,8912896,0
50,2402201600,8831013,8296753,8519680,0,03-09 05:05:23,8388608,8392033,8519680,0
49,2402725888,8705076,10031427,9699328,0,03-09 05:05:24,9838635,9846198,9699328,0
49,2403258368,8955491,9122426,9195520,0,03-09 05:05:25,9117696,9118903,8933376,0
50,2403790848,8919374,9584163,9437184,8192,03-09 05:05:26,9510912,9515376,9437184,0
49,2403794944,9815764,4429554,3670016,0,03-09 05:05:27,10044008,0,3932160,0
3,2403794944,331685,5797,4096,28672,03-09 05:05:28,330674,4160,4096,12288
0,2403794944,163,889,0,0,03-09 05:05:29,43,345,4096,12288
0,2403794944,272,1424,0,0,03-09 05:05:30,43,427,4096,12288
1,2403794944,229,923,0,212992,03-09 05:05:31,23877,345,4096,12288
0,2403794944,295,2199,0,0,03-09 05:05:32,2,1204,4096,12288
0,2403794944,338,1482,0,61440,03-09 05:05:33,43,427,4096,12288
0,2403794944,163,857,0,0,03-09 05:05:34,23877,345,4096,12288
0,2403794944,163,865,0,0,03-09 05:05:35,43,345,4096,12288
0,2403794944,272,1416,0,0,03-09 05:05:36,43,427,4096,12288
0,2403794944,229,1229,0,0,03-09 05:05:37,23877,345,0,4096
37,2405650432,65601,25389,8192,0,03-09 05:05:38,13213820,13216357,8192,8192
49,2406191104,272,1448,0,24576,03-09 05:05:39,8585259,8590697,8192,8192
50,2406191104,163,865,0,0,03-09 05:05:40,8122368,8127717,8192,8192
50,2406191104,163,865,0,0,03-09 05:05:41,8654848,8656349,8192,8192
50,2406191104,272,1424,0,0,03-09 05:05:42,8454187,8458539,8192,8192
50,2406191104,163,865,0,0,03-09 05:05:43,8847360,8854586,8192,8192
49,2406191104,163,865,0,12288,03-09 05:05:44,7925760,7929480,8192,8192
50,2406416384,272,1424,0,0,03-09 05:05:45,8654891,8656776,8192,8192
50,2406416384,163,865,0,12288,03-09 05:05:46,8650752,8656349,8192,8192
50,2406416384,295,2199,0,0,03-09 05:05:47,8585216,8590270,8192,8192
50,2406416384,638,4879,0,0,03-09 05:05:48,8851499,8855013,8192,8192
50,2406416384,163,865,0,24576,03-09 05:05:49,8388608,8392033,8192,8192
50,2406350848,163,865,0,0,03-09 05:05:50,8519680,8524191,8192,8192
49,2406350848,272,1424,0,61440,03-09 05:05:51,8917035,8921092,0,16384
50,2406572032,8516,3443342,0,0,03-09 05:05:52,12292469,12292735,0,4096
50,2406572032,15109,10719909,0,0,03-09 05:05:53,13074439,13083130,0,4096
54,2407727104,8900392,11448323,106496,0,03-09 05:05:54,11493422,11498173,106496,12288
50,2407727104,9288914,10174570,0,61440,03-09 05:05:55,9973760,9977929,106496,12288
50,2407727104,9590713,9600744,0,0,03-09 05:05:56,9510912,9515376,106496,12288
50,2407952384,9656162,10790990,0,0,03-09 05:05:57,10764331,10771304,106496,12288
50,2407895040,9320337,9304510,0,0,03-09 05:05:58,9314304,9317139,106496,12288
49,2407878656,10875286,8277144,0,0,03-09 05:05:59,8187904,8193796,106496,12288
50,2407878656,10642730,9473002,0,12288,03-09 05:06:00,9445419,9449724,106496,12288
49,2407878656,10554297,10808468,0,16384,03-09 05:06:01,10833920,10836956,106496,12288
49,2407878656,10944126,11559944,0,0,03-09 05:06:02,11358208,11365588,106496,12288
50,2407878656,9800923,11087485,0,0,03-09 05:06:03,11030571,11035620,106496,12288
49,2407854080,8795071,10678790,0,0,03-09 05:06:04,10633216,10638719,106496,12288
49,2407854080,9205645,9023807,0,0,03-09 05:06:05,8781834,8787995,106496,12288
50,2407854080,10864838,17582,0,106496,03-09 05:06:06,10836956,0,106496,12288
39,2407854080,8001003,13824,4096,0,03-09 05:06:07,8326065,3773,4096,8192
0,2407854080,463,4922,0,0,03-09 05:06:08,19985,345,4096,8192
0,2407854080,404,1490,0,0,03-09 05:06:09,43,428,4096,8192
0,2407854080,163,865,0,0,03-09 05:06:10,3766,345,4096,8192
0,2407854080,163,857,0,8192,03-09 05:06:11,19985,345,4096,8192
0,2407854080,272,1424,0,53248,03-09 05:06:12,43,427,4096,8192
0,2407854080,163,865,0,0,03-09 05:06:13,3766,345,4096,8192
1,2407854080,163,857,0,0,03-09 05:06:14,19985,345,4096,8192
0,2407854080,272,1424,0,0,03-09 05:06:15,43,427,4096,8192
0,2407854080,163,857,0,0,03-09 05:06:16,3766,345,4096,8192
0,2407854080,295,2191,0,12288,03-09 05:06:17,19985,345,4096,8192
22,2408124416,99707,22160,12288,0,03-09 05:06:18,9449639,9450282,12288,8192
50,2408394752,163,889,0,0,03-09 05:06:19,8519680,8524191,12288,8192
50,2408394752,163,865,0,0,03-09 05:06:20,7659520,7665164,12288,8192
50,2408394752,272,1424,0,61440,03-09 05:06:21,8917035,8921092,0,16384
50,2408394752,163,889,0,32768,03-09 05:06:22,10633216,10638719,0,16384
49,2408394752,205,973,0,0,03-09 05:06:23,10305536,10308324,0,16384
50,2408394752,326,1784,0,0,03-09 05:06:24,8847403,8855013,0,16384
51,2408394752,163,865,0,0,03-09 05:06:25,8523776,8524191,0,16384
50,2408394752,163,865,0,12288,03-09 05:06:26,8982528,8986744,0,4096
50,2408394752,272,1448,0,0,03-09 05:06:27,8781867,8788934,0,4096
50,2408394752,529,4320,0,28672,03-09 05:06:28,8916992,8920665,0,4096
50,2407383040,163,889,0,0,03-09 05:06:29,9842688,9845771,0,4096
50,2407383040,314,1466,0,0,03-09 05:06:30,9244715,9251487,0,4096
49,2407383040,1620,97550,0,0,03-09 05:06:31,9908347,9912592,0,4096
51,2407383040,295,61071,0,0,03-09 05:06:32,7000071,7003862,0,4096
50,2407383040,243014,154972,0,40960,03-09 05:06:33,10838311,10838682,0,8192
50,2407424000,163,47089,0,0,03-09 05:06:34,10829824,10836956,0,8192
50,2407424000,163,865,0,0,03-09 05:06:35,11161600,11167351,0,8192
50,2407424000,272,1424,0,8192,03-09 05:06:36,10702891,10705225,0,8192
49,2407424000,163,865,0,0,03-09 05:06:37,8253440,8259875,0,8192
50,2407424000,463,4188,0,61440,03-09 05:06:38,9314304,9317139,0,8192
50,2407964672,272,1424,0,0,03-09 05:06:39,9244715,9251487,0,8192
50,2407964672,163,865,0,0,03-09 05:06:40,8785920,8788507,0,8192
49,2407964672,163,775,311296,98304,03-09 05:06:41,9113600,9118902,311296,0
50,2407964672,272,1358,0,0,03-09 05:06:42,9248811,9251487,311296,0
50,2407964672,229,907,0,0,03-09 05:06:43,9113600,9118902,311296,0
50,2407964672,163,775,0,65536,03-09 05:06:44,9908224,9911850,311296,0
50,2407964672,272,1424,0,0,03-09 05:06:45,9445419,9449724,311296,0
49,2407964672,163,931,0,0,03-09 05:06:46,8912896,8920665,311296,0
51,2407964672,1768983,12819,0,0,03-09 05:06:47,8866466,6139,0,8192
50,2407964672,8777905,16849,0,0,03-09 05:06:48,8722596,3127,0,8192
22,2407964672,3503242,9595,0,0,03-09 05:06:49,4004697,3650,0,8192
0,2407964672,163,889,0,57344,03-09 05:06:50,20151,345,0,8192
0,2407964672,272,1424,0,167936,03-09 05:06:51,43,427,0,16384
0,2407964672,163,881,0,0,03-09 05:06:52,3766,345,0,16384
1,2407964672,229,931,0,0,03-09 05:06:53,20151,345,0,16384
0,2407964672,272,1424,0,0,03-09 05:06:54,43,427,0,16384
0,2407964672,229,923,0,69632,03-09 05:06:55,3766,345,0,16384
0,2407964672,163,865,0,0,03-09 05:06:56,20151,345,0,16384
0,2407964672,338,1556,0,0,03-09 05:06:57,43,427,0,8192
0,2407964672,463,1467,0,0,03-09 05:06:58,3766,345,0,8192
16,2407964672,65136,21603,20480,0,03-09 05:06:59,8921212,8921222,20480,12288
49,2407964672,272,1448,0,32768,03-09 05:07:00,9642027,9647961,20480,12288
50,2407964672,163,865,0,126976,03-09 05:07:01,10502144,10506561,0,16384
49,2407964672,295,2223,0,0,03-09 05:07:02,10567680,10572640,0,16384
50,2407964672,272,1424,0,0,03-09 05:07:03,10960939,10969541,0,8192
49,2407915520,205,955,0,0,03-09 05:07:04,9580544,9581455,0,8192
51,2408185856,163,841,0,40960,03-09 05:07:05,10698752,10704798,0,8192
50,2408185856,272,1424,0,0,03-09 05:07:06,11030571,11035620,0,8192
49,2408185856,163,865,0,0,03-09 05:07:07,11227136,11233430,0,8192
50,2408185856,505,4230,0,0,03-09 05:07:08,11030528,11035193,0,8192
50,2408185856,338,1622,0,0,03-09 05:07:09,10567723,10573067,0,8192
51,2408185856,217,1225,0,0,03-09 05:07:10,8716288,8722428,0,8192
50,2408185856,1950,190082,16384,98304,03-09 05:07:11,8458363,8458854,16384,24576
50,2408185856,272,65585,0,0,03-09 05:07:12,9052823,0,16384,24576
51,2408185856,206042,128856,4096,0,03-09 05:07:13,14586108,14587831,4096,16384
51,2408185856,163,889,0,0,03-09 05:07:14,10964992,10969114,4096,16384
49,2408185856,272,1424,0,0,03-09 05:07:15,9310251,9317566,4096,16384
50,2408185856,205,931,0,61440,03-09 05:07:16,9908224,9911850,4096,16384
50,2408185856,295,2175,0,0,03-09 05:07:17,7462912,7466927,0,4096
49,2408185856,614,4813,0,0,03-09 05:07:18,8323115,8326381,0,4096
50,2408185856,163,865,0,0,03-09 05:07:19,8519680,8524191,0,4096
49,2408185856,163,865,0,0,03-09 05:07:20,10964992,10969114,0,4096
50,2408185856,272,1424,0,0,03-09 05:07:21,9510955,9515803,0,4096
50,2408185856,229,1163,0,16384,03-09 05:07:22,10764288,10770877,0,4096
50,2408185856,229,997,0,0,03-09 05:07:23,10964992,10969114,0,4096
49,2408185856,272,1424,0,0,03-09 05:07:24,11161643,11167778,0,4096
50,2408185856,175,1163,0,0,03-09 05:07:25,10899456,10903035,0,4096
51,2408185856,1675721,11983,0,0,03-09 05:07:26,10254125,6134,0,8192
49,2408185856,10814315,18488,0,0,03-09 05:07:27,10704798,0,0,8192
10,2408185856,1481684,7659,0,45056,03-09 05:07:28,1956416,4035,0,8192
0,2408185856,163,889,0,0,03-09 05:07:29,20152,345,0,8192
0,2408185856,272,1424,0,0,03-09 05:07:30,43,427,0,8192
0,2408185856,163,857,0,0,03-09 05:07:31,3766,345,0,8192
1,2408185856,361,2323,0,0,03-09 05:07:32,20152,345,0,8192
0,2408185856,326,2054,0,45056,03-09 05:07:33,43,427,0,8192
0,2408185856,229,923,0,0,03-09 05:07:34,3766,345,0,8192
0,2408185856,163,865,0,0,03-09 05:07:35,20152,345,0,8192
0,2408185856,338,1556,0,0,03-09 05:07:36,43,427,0,8192
3,2408185856,56858,16963,331776,0,03-09 05:07:37,55411,15095,331776,0
52,2408185856,463,4212,0,0,03-09 05:07:38,15986812,15991675,331776,0
50,2408185856,272,1424,0,20480,03-09 05:07:39,10104875,10110514,331776,0
50,2408185856,163,865,0,0,03-09 05:07:40,9777152,9779692,331776,0
50,2408185856,163,865,0,143360,03-09 05:07:41,9048064,9052823,0,16384
50,2408185856,314,1514,0,0,03-09 05:07:42,8847403,8855013,0,8192
50,2408185856,163,865,0,0,03-09 05:07:43,9052160,9052823,0,8192
50,2408136704,229,1163,0,24576,03-09 05:07:44,8912896,8920665,0,8192
50,2408407040,272,1424,0,0,03-09 05:07:45,10305579,10308751,0,8192
50,2408407040,205,907,0,24576,03-09 05:07:46,11227136,11233430,0,8192
50,2407817216,427,2629,0,0,03-09 05:07:47,10240000,10242245,0,8192
49,2407817216,572,4747,0,0,03-09 05:07:48,10567723,10573067,0,8192
50,2407817216,163,865,0,36864,03-09 05:07:49,11096064,11101272,0,4096
49,2407997440,1194,70880,0,0,03-09 05:07:50,10236034,10242475,0,4096
51,2408370176,114722,106935,0,0,03-09 05:07:51,10826924,10826752,0,20480
50,2408370176,163,27583,0,0,03-09 05:07:52,9314304,9317139,0,20480
50,2408370176,163,865,0,0,03-09 05:07:53,10039296,10044008,0,20480
50,2408370176,272,1424,0,53248,03-09 05:07:54,10301483,10308751,0,20480
50,2408370176,163,931,0,0,03-09 05:07:55,10964992,10969114,0,20480
50,2408370176,259,1561,0,0,03-09 05:07:56,9179136,9184981,0,20480
50,2408370176,272,1400,0,0,03-09 05:07:57,6869035,6872643,0,20480
51,2408370176,463,4188,0,0,03-09 05:07:58,8982528,8986744,0,20480
50,2408370176,163,865,0,12288,03-09 05:07:59,8851456,8854586,0,20480
50,2408370176,272,1424,0,0,03-09 05:08:00,9908267,9912277,0,20480
50,2408370176,229,997,0,16384,03-09 05:08:01,8781824,8788507,0,20480
49,2408370176,295,2199,0,0,03-09 05:08:02,8851456,8854586,0,20480
50,2408370176,272,1424,0,0,03-09 05:08:03,9314347,9317566,0,20480
50,2408370176,163,865,0,0,03-09 05:08:04,8916992,8920665,0,20480
50,2408370176,163,865,0,24576,03-09 05:08:05,9317139,0,0,20480
51,2408370176,8432511,21294,0,0,03-09 05:08:06,9725493,6127,0,8192
38,2408370176,5538306,10198,4096,0,03-09 05:08:07,6053146,3629,4096,8192
0,2408370176,463,4922,0,0,03-09 05:08:08,20152,345,4096,8192
0,2408370176,272,1424,0,0,03-09 05:08:09,43,427,4096,8192
0,2408370176,163,865,0,57344,03-09 05:08:10,3766,345,4096,8192
0,2408370176,627,1265,614400,98304,03-09 05:08:11,20152,345,0,12288
0,2408370176,272,1448,0,0,03-09 05:08:12,43,427,0,8192
0,2408370176,229,947,0,0,03-09 05:08:13,3766,345,0,8192
0,2408370176,163,865,0,0,03-09 05:08:14,20152,345,0,8192
0,2408370176,272,1424,0,0,03-09 05:08:15,43,427,0,8192
0,2408370176,271,1055,0,110592,03-09 05:08:16,3766,345,0,4096
29,2408370176,109871,24742,0,0,03-09 05:08:17,10834044,10837513,0,12288
50,2408910848,572,4837,0,0,03-09 05:08:18,8785963,8788934,0,12288
50,2408910848,217,1495,0,0,03-09 05:08:19,9641984,9647534,0,12288
52,2408910848,163,865,0,0,03-09 05:08:20,9777152,9779692,0,4096
49,2408910848,272,1448,0,12288,03-09 05:08:21,8982571,8987171,0,4096
50,2408910848,205,907,0,45056,03-09 05:08:22,9113600,9118902,0,4096
50,2408910848,163,865,0,0,03-09 05:08:23,10698752,10704798,0,4096
50,2408910848,314,1466,0,0,03-09 05:08:24,10965035,10969541,0,4096
50,2408910848,163,865,0,0,03-09 05:08:25,9048064,9052823,0,4096
50,2408910848,163,865,0,20480,03-09 05:08:26,9048064,9052823,0,4096
50,2408910848,338,1556,0,40960,03-09 05:08:27,8982571,8987171,0,4096
50,2408910848,463,4188,0,0,03-09 05:08:28,10170368,10176166,0,4096
50,2407874560,163,865,0,0,03-09 05:08:29,10039296,10044008,0,4096
50,2407874560,272,1424,0,0,03-09 05:08:30,9179186,9184896,0,4096
51,2407878656,233766,288007,0,0,03-09 05:08:31,10969463,10971155,0,12288
50,2407878656,295,103384,0,49152,03-09 05:08:32,10964992,10969114,0,12288
49,2407878656,272,1424,0,0,03-09 05:08:33,11161643,11167778,0,12288
50,2407878656,163,865,0,0,03-09 05:08:34,10698752,10704798,0,12288
49,2407878656,163,865,0,0,03-09 05:08:35,10039296,10044008,0,12288
50,2407878656,314,1490,0,8192,03-09 05:08:36,9777195,9780119,0,12288
50,2408148992,163,841,0,0,03-09 05:08:37,9707520,9713613,0,12288
49,2408148992,463,4188,0,24576,03-09 05:08:38,9641984,9647534,0,12288
50,2408148992,272,1424,0,0,03-09 05:08:39,10039339,10044435,0,12288
50,2408148992,163,865,0,0,03-09 05:08:40,8785920,8788507,0,12288
50,2408148992,229,1063,0,69632,03-09 05:08:41,8519680,8524191,0,16384
50,2408148992,326,2078,0,0,03-09 05:08:42,9183275,9185408,0,8192
50,2408148992,163,889,0,77824,03-09 05:08:43,10698752,10704798,0,8192
50,2408148992,163,865,0,0,03-09 05:08:44,5742599,5748361,0,8192
50,2408148992,8737554,21465,0,0,03-09 05:08:45,9989809,6140,0,12288
29,2408148992,5206724,12031,0,4096,03-09 05:08:46,5788830,3650,0,8192
0,2408148992,295,2223,0,0,03-09 05:08:47,20152,345,0,8192
0,2408148992,572,2010,0,61440,03-09 05:08:48,168,390,0,8192
0,2408148992,163,857,0,0,03-09 05:08:49,3766,345,0,8192
1,2408148992,229,923,0,0,03-09 05:08:50,20152,345,0,8192
0,2408148992,272,1424,0,131072,03-09 05:08:51,43,427,0,8192
0,2408148992,229,923,0,0,03-09 05:08:52,3766,345,0,8192
0,2408148992,253,919,0,0,03-09 05:08:53,20152,345,0,4096
0,2408148992,272,1440,0,16384,03-09 05:08:54,43,427,0,4096
0,2408148992,229,997,0,0,03-09 05:08:55,3766,345,0,4096
1,2408148992,21605,10052,0,8192,03-09 05:08:56,19865,11690,0,4096
50,2408689664,35420,8229,0,0,03-09 05:08:57,15720615,15727786,0,4096
49,2408689664,463,4122,0,0,03-09 05:08:58,10039296,10044008,0,4096
50,2408689664,163,865,0,40960,03-09 05:08:59,8851456,8854586,0,4096
49,2408689664,272,1424,0,0,03-09 05:09:00,9908267,9912277,0,4096
49,2408689664,205,931,0,4096,03-09 05:09:01,9773056,9779692,0,4096
50,2408624128,337,2217,0,0,03-09 05:09:02,9908224,9911850,0,4096
51,2408624128,272,1424,0,0,03-09 05:09:03,9445419,9449724,0,4096
49,2408624128,163,931,0,12288,03-09 05:09:04,10104832,10110087,0,4096
49,2408624128,217,1225,0,0,03-09 05:09:05,8982528,8986744,0,4096
50,2408624128,272,1424,0,16384,03-09 05:09:06,9048107,9053250,0,4096
50,2408624128,229,997,0,0,03-09 05:09:07,8589312,8590270,0,4096
49,2408624128,463,4188,0,0,03-09 05:09:08,8982528,8986744,0,4096
50,2408624128,2599,132255,0,45056,03-09 05:09:09,9097382,9103144,0,4096
49,2408624128,163,889,0,0,03-09 05:09:10,7000071,7003862,0,4096
50,2408624128,6004014,9437669,0,65536,03-09 05:09:11,9646333,9648833,0,28672
50,2408624128,10074228,9881060,0,0,03-09 05:09:12,9908267,9912277,0,8192
49,2408624128,10433405,11513050,0,0,03-09 05:09:13,11427840,11431667,0,8192
49,2408624128,9722275,11348393,0,61440,03-09 05:09:14,11227136,11233430,0,8192
50,2408624128,10450634,9758889,0,0,03-09 05:09:15,9707563,9714040,0,8192
50,2408624128,10415193,9028951,0,16384,03-09 05:09:16,8982528,8986744,0,4096
50,2408624128,8913733,9911138,0,0,03-09 05:09:17,9777152,9779692,0,4096
50,2408624128,10443845,9620087,0,0,03-09 05:09:18,9642027,9647961,0,4096
50,2408624128,10368605,9072201,0,0,03-09 05:09:19,8982528,8986744,0,4096
50,2408624128,10331657,7914264,0,28672,03-09 05:09:20,7925760,7929480,0,4096
50,2408624128,9351346,8789260,0,0,03-09 05:09:21,8650795,8656776,0,4096
50,2408624128,9212275,9691338,0,0,03-09 05:09:22,9580544,9581455,0,4096
49,2408624128,9050790,9548891,0,0,03-09 05:09:23,9441280,9449297,0,4096
49,2408624128,10721581,9098171,0,0,03-09 05:09:24,9117739,9119329,0,4096
51,2408624128,10869702,1786065,0,12288,03-09 05:09:25,10650599,6135,0,8192
22,2408624128,3876237,11077,0,53248,03-09 05:09:26,4335092,3645,0,8192
0,2408624128,272,1424,0,0,03-09 05:09:27,43,428,0,8192
0,2408624128,463,1729,0,0,03-09 05:09:28,3766,345,0,8192
0,2408624128,229,841,0,0,03-09 05:09:29,20152,345,0,8192
0,2408624128,404,1466,0,57344,03-09 05:09:30,43,427,0,8192
0,2408624128,229,841,0,8192,03-09 05:09:31,3766,345,0,8192
0,2408624128,295,2109,0,0,03-09 05:09:32,20152,345,0,8192
0,2408624128,272,1334,0,0,03-09 05:09:33,43,427,0,8192
7,2408624128,57395,17041,0,0,03-09 05:09:34,7929980,7930037,0,8192
49,2408624128,163,865,0,0,03-09 05:09:35,10895360,10903035,0,8192
50,2408624128,272,1424,0,40960,03-09 05:09:36,8785963,8788934,0,8192
49,2408624128,163,865,0,0,03-09 05:09:37,9445376,9449297,0,8192
50,2408624128,463,4188,0,0,03-09 05:09:38,7659520,7665164,0,8192
50,2408046592,314,1490,0,0,03-09 05:09:39,9379883,9383645,0,8192
51,2408046592,163,841,0,0,03-09 05:09:40,9842688,9845771,0,8192
49,2408316928,163,865,0,90112,03-09 05:09:41,10567680,10572640,0,16384
50,2408316928,272,1448,0,0,03-09 05:09:42,10039339,10044435,0,8192
50,2408316928,175,1211,0,0,03-09 05:09:43,9244672,9251060,0,8192
50,2408316928,229,997,0,0,03-09 05:09:44,9445376,9449297,0,8192
50,2408316928,272,1424,0,0,03-09 05:09:45,8917035,8921092,0,8192
50,2408316928,163,865,0,36864,03-09 05:09:46,10698752,10704798,0,8192
50,2408316928,1260,102119,0,0,03-09 05:09:47,9515131,9516118,0,4096
50,2408316928,2002,111514,0,0,03-09 05:09:48,9052991,3127,0,4096
51,2408316928,8063981,10061087,4096,0,03-09 05:09:49,10109056,10110644,4096,20480
50,2408316928,9545722,11397528,0,0,03-09 05:09:50,11358208,11365588,4096,20480
50,2408316928,10422384,11333676,0,0,03-09 05:09:51,11231275,11233857,4096,20480
50,2408316928,10487561,11061178,0,53248,03-09 05:09:52,10960896,10969114,4096,20480
49,2408316928,10768857,11041023,0,0,03-09 05:09:53,11030528,11035193,4096,20480
49,2408316928,9597446,10558771,0,0,03-09 05:09:54,10502187,10506988,4096,20480
50,2408316928,9888615,10836069,0,0,03-09 05:09:55,10764288,10770877,4096,20480
49,2408316928,10597847,10452523,0,16384,03-09 05:09:56,10436608,10440482,4096,20480
50,2408316928,11096613,9883533,0,28672,03-09 05:09:57,9777195,9780119,4096,20480
50,2408316928,10285371,11021848,0,0,03-09 05:09:58,11030528,11035193,4096,20480
49,2408316928,8912616,11324178,0,0,03-09 05:09:59,11227136,11233430,4096,20480
50,2408316928,8369100,10814086,0,0,03-09 05:10:00,10698795,10705225,4096,20480
50,2408316928,9536672,6353513,0,90112,03-09 05:10:01,6139914,6144836,4096,20480
41,2408316928,8760225,14914,0,12288,03-09 05:10:02,9052934,3760,0,8192
0,2408316928,272,4895,0,0,03-09 05:10:03,43,427,0,8192
0,2408316928,163,857,0,0,03-09 05:10:04,3766,345,0,8192
0,2408316928,229,923,0,0,03-09 05:10:05,20152,345,0,8192
0,2408316928,338,1490,0,8192,03-09 05:10:06,43,427,0,8192
0,2408316928,163,857,0,53248,03-09 05:10:07,3766,345,0,8192
0,2408316928,463,1451,0,0,03-09 05:10:08,20152,345,0,8192
0,2408316928,272,1424,0,0,03-09 05:10:09,43,427,0,8192
0,2408316928,163,857,0,0,03-09 05:10:10,3766,345,0,8192
1,2408316928,163,857,0,61440,03-09 05:10:11,20152,345,0,12288
0,2408316928,272,1448,0,24576,03-09 05:10:12,43,427,0,8192
19,2408316928,107616,23332,4096,0,03-09 05:10:13,10436732,10441040,4096,12288
49,2408857600,259,1569,0,0,03-09 05:10:14,9973760,9977929,0,4096
49,2408857600,272,1448,0,0,03-09 05:10:15,9248811,9251487,0,4096
50,2408857600,163,865,0,0,03-09 05:10:16,7528448,7533006,0,4096
49,2408857600,295,2199,0,0,03-09 05:10:17,7397376,7400848,0,4096
51,2408857600,638,5045,0,28672,03-09 05:10:18,8519723,8524618,0,4096
50,2408857600,163,865,0,0,03-09 05:10:19,9248768,9251060,0,4096
50,2408857600,163,865,0,0,03-09 05:10:20,10633216,10638719,0,4096
50,2408857600,272,1424,0,20480,03-09 05:10:21,10829867,10837383,0,4096
50,2408857600,163,865,0,0,03-09 05:10:22,11030528,11035193,0,4096
49,2408857600,229,997,0,40960,03-09 05:10:23,10436608,10440482,0,4096
49,2407915520,272,1424,0,0,03-09 05:10:24,9113643,9119329,0,4096
50,2407915520,163,865,0,0,03-09 05:10:25,10170368,10176166,0,4096
50,2407915520,1512,86300,0,0,03-09 05:10:26,9384059,9383960,0,4096
50,2407915520,272,43520,0,0,03-09 05:10:27,8325954,0,0,4096
50,2407915520,195985,108655,0,16384,03-09 05:10:28,15454434,15455024,0,16384
50,2407915520,163,889,0,0,03-09 05:10:29,9641984,9647534,0,16384
51,2407915520,272,1424,0,0,03-09 05:10:30,11096107,11101699,0,16384
50,2407915520,205,931,0,0,03-09 05:10:31,8785920,8788507,0,16384
50,2407915520,295,2175,0,0,03-09 05:10:32,8781824,8788507,0,16384
49,2407915520,272,1424,0,45056,03-09 05:10:33,8720427,8722855,0,16384
50,2408456192,163,865,0,0,03-09 05:10:34,9244672,9251060,0,16384
51,2408456192,163,865,0,0,03-09 05:10:35,9510912,9515376,0,16384
50,2408456192,272,1490,0,8192,03-09 05:10:36,9248811,9251487,0,16384
49,2408456192,259,1561,0,0,03-09 05:10:37,9904128,9911850,0,16384
50,2408456192,541,4594,0,24576,03-09 05:10:38,9117696,9118902,0,16384
49,2408456192,272,1424,0,0,03-09 05:10:39,9244715,9251487,0,16384
50,2408456192,163,865,0,0,03-09 05:10:40,9183232,9184981,0,16384
50,2408456192,163,865,0,131072,03-09 05:10:41,7458823,7466415,0,12288
49,2408456192,4106396,14367,0,0,03-09 05:10:42,9064703,6140,0,20480
49,2408456192,9887838,14932,0,106496,03-09 05:10:43,10414360,3650,0,8192
0,2408456192,163,4336,0,0,03-09 05:10:44,43,345,0,8192
1,2408456192,272,1416,0,0,03-09 05:10:45,20153,345,0,8192
0,2408456192,163,865,0,0,03-09 05:10:46,3766,345,0,8192
0,2408456192,361,2257,0,0,03-09 05:10:47,2,1204,0,8192
1,2408456192,572,2010,0,0,03-09 05:10:48,20153,345,0,4096
0,2408456192,229,955,0,49152,03-09 05:10:49,3766,345,0,4096
0,2408456192,163,857,0,0,03-09 05:10:50,43,345,0,4096
0,2408456192,272,1424,0,0,03-09 05:10:51,20153,345,0,4096
0,2408456192,241,1279,0,0,03-09 05:10:52,3766,345,0,4096
0,2408456192,163,857,0,0,03-09 05:10:53,43,345,0,4096
46,2408857600,80859,38271,16384,12288,03-09 05:10:54,15126695,15133075,16384,0
50,2408857600,163,889,0,0,03-09 05:10:55,9379840,9383218,16384,0
50,2408857600,163,865,0,0,03-09 05:10:56,7729152,7731243,16384,0
50,2408857600,272,1424,0,0,03-09 05:10:57,7594027,7599512,16384,0
50,2408857600,463,4188,0,0,03-09 05:10:58,9707520,9713613,16384,0
50,2408857600,205,973,0,167936,03-09 05:10:59,10964992,10969114,16384,0
50,2408857600,326,2054,0,0,03-09 05:11:00,9113643,9119329,16384,0
49,2408857600,163,865,0,20480,03-09 05:11:01,9183232,9184981,16384,0
50,2408857600,337,2241,0,0,03-09 05:11:02,11161600,11167351,16384,0
50,2408857600,272,1424,0,0,03-09 05:11:03,9973803,9978356,16384,0
50,2408857600,229,997,0,40960,03-09 05:11:04,9445376,9449297,16384,0
50,2408857600,163,865,0,0,03-09 05:11:05,9113600,9118902,16384,0
50,2408857600,272,1424,0,0,03-09 05:11:06,10301483,10308751,16384,0
50,2408132608,1698,207845,0,0,03-09 05:11:07,6869122,6872446,0,4096
50,2408710144,168266,200420,0,0,03-09 05:11:08,14602492,14604758,0,16384
51,2408710144,272,1448,0,0,03-09 05:11:09,10829867,10837383,0,16384
50,2408710144,163,865,0,49152,03-09 05:11:10,9183232,9184981,0,16384
50,2408710144,163,865,0,61440,03-09 05:11:11,9310208,9317139,0,16384
49,2408710144,314,1490,0,0,03-09 05:11:12,8720427,8722855,0,8192
51,2408710144,163,889,0,0,03-09 05:11:13,9773056,9779692,0,8192
50,2408710144,163,865,0,0,03-09 05:11:14,9379840,9383218,0,8192
49,2408710144,272,1424,0,24576,03-09 05:11:15,10502187,10506988,0,8192
50,2408710144,163,865,0,225280,03-09 05:11:16,9445376,9449297,0,8192
50,2408710144,295,2199,0,0,03-09 05:11:17,9379840,9383218,0,8192
50,2408710144,638,4879,0,0,03-09 05:11:18,11096107,11101699,0,8192
50,2408710144,163,865,0,0,03-09 05:11:19,10235904,10242245,0,8192
49,2408710144,163,865,0,36864,03-09 05:11:20,9244672,9251060,0,8192
50,2408710144,272,1424,0,0,03-09 05:11:21,10308324,0,0,4096
51,2408710144,8861167,22410,0,0,03-09 05:11:22,8866466,6135,0,12288
30,2408710144,5103168,14341,0,0,03-09 05:11:23,5590593,3645,0,8192
0,2408710144,272,1448,0,0,03-09 05:11:24,20154,345,0,8192
0,2408710144,163,865,0,0,03-09 05:11:25,3766,345,0,8192
0,2408710144,205,899,0,61440,03-09 05:11:26,43,345,0,8192
1,2408710144,338,1482,0,0,03-09 05:11:27,20154,345,0,8192
0,2408710144,529,1517,0,0,03-09 05:11:28,3766,345,0,8192
0,2408710144,163,857,0,0,03-09 05:11:29,43,345,0,8192
0,2408710144,272,1416,0,0,03-09 05:11:30,20154,345,0,8192
0,2408710144,163,865,0,0,03-09 05:11:31,3766,345,0,8192
0,2408710144,361,2323,0,16384,03-09 05:11:32,2,1204,0,8192
11,280469504,39634,23224,4345856,0,03-09 05:11:33,20154,345,0,8192
