cpu,memory,net recv,net send,disk read,disk writ,time
0.16666666666666666,753007274.6666666,199.66666666666666,897.6666666666666,0.0,0.0,23-09 04:12:59
0.6643333333333333,752992256.0,207.0,744.0,0.0,36864.0,23-09 04:13:00
0.33433333333333337,752937642.6666666,280.3333333333333,1138.6666666666667,94208.0,0.0,23-09 04:13:01
0.16666666666666666,752922624.0,305.6666666666667,2026.3333333333333,46421.333333333336,0.0,23-09 04:13:02
1.3293333333333333,753863338.6666666,13609339.333333334,29008.0,50517.333333333336,0.0,23-09 04:13:03
3.1886666666666663,754096810.6666666,40944216.666666664,85122.0,61440.0,12288.0,23-09 04:13:04
0.5,754120021.3333334,199.66666666666666,943.6666666666666,0.0,5461.333333333333,23-09 04:13:05
1.6816666666666666,753718613.3333334,60009.666666666664,54430870.666666664,0.0,13653.333333333334,23-09 04:13:06
0.3333333333333333,753724074.6666666,517.6666666666666,93520.33333333333,0.0,0.0,23-09 04:13:07
0.16666666666666666,753698133.3333334,213.66666666666666,884.3333333333334,1365.3333333333333,19954346.666666668,23-09 04:13:08
0.49666666666666665,753695402.6666666,163.0,724.6666666666666,0.0,17749.333333333332,23-09 04:13:09
0.0,753684480.0,324.3333333333333,1160.6666666666667,0.0,4096.0,23-09 04:13:10
0.9983333333333334,753646250.6666666,199.66666666666666,903.0,8192.0,5461.333333333333,23-09 04:13:11
0.33266666666666667,753625770.6666666,163.0,765.3333333333334,6826.666666666667,0.0,23-09 04:13:12
0.3336666666666666,753599829.3333334,236.33333333333334,1089.3333333333333,1365.3333333333333,25165824.0,23-09 04:13:13
10.104,756835669.3333334,34199790.666666664,61646360.333333336,228010.66666666666,35498.666666666664,23-09 04:13:14
20.535666666666668,759685120.0,66535807.333333336,47403879.0,297642.6666666667,35743061.333333336,23-09 04:13:15
25.961,783824213.3333334,8560321.0,194654.33333333334,12830037.333333334,48178517.333333336,23-09 04:13:16
30.613333333333333,814242474.6666666,287.6666666666667,1900.6666666666667,18963114.666666668,0.0,23-09 04:13:17
42.345333333333336,837795840.0,181.0,1378.3333333333333,11908437.333333334,0.0,23-09 04:13:18
60.15566666666666,913697450.6666666,3426.6666666666665,4672.333333333333,3208533.3333333335,0.0,23-09 04:13:19
31.200333333333333,949111466.6666666,2074.0,4013.3333333333335,1366698.6666666667,83285.33333333333,23-09 04:13:20
1.851,949549738.6666666,358.3333333333333,1495.3333333333333,12288.0,49902933.333333336,23-09 04:13:21
0.5,949493760.0,236.33333333333334,1168.3333333333333,0.0,38723584.0,23-09 04:13:22
0.5003333333333333,949477376.0,199.66666666666666,971.3333333333334,0.0,0.0,23-09 04:13:23
4.975333333333333,950743040.0,3887.6666666666665,1610.3333333333333,53248.0,0.0,23-09 04:13:24
20.564,974166698.6666666,16837.333333333332,2337.6666666666665,1280682.6666666667,24576.0,23-09 04:13:25
23.479,995717120.0,1029.6666666666667,1677.6666666666667,1738069.3333333333,39594.666666666664,23-09 04:13:26
7.167333333333333,996024320.0,22891.333333333332,5173.333333333333,1626112.0,0.0,23-09 04:13:27
8.625333333333334,996708352.0,22469.333333333332,4729.666666666667,84650.66666666667,0.0,23-09 04:13:28
16.089666666666666,999463594.6666666,27265.0,5421.333333333333,30037.333333333332,0.0,23-09 04:13:29
11.072999999999999,1011534506.6666666,30080.333333333332,7410.333333333333,53248.0,6826.666666666667,23-09 04:13:30
31.836000000000002,1033669290.6666666,24854.666666666668,9754.666666666666,797354.6666666666,13653.333333333334,23-09 04:13:31
48.32399999999999,1072283648.0,15573.333333333334,8488.333333333334,60074.666666666664,42325.333333333336,23-09 04:13:32
51.67733333333333,1106115242.6666667,15085.666666666666,1663.3333333333333,2983253.3333333335,0.0,23-09 04:13:33
50.88166666666668,1164492800.0,5214.333333333333,8206.0,4890624.0,0.0,23-09 04:13:34
73.047,1247016277.3333333,10367.0,8432.666666666666,4639402.666666667,0.0,23-09 04:13:35
73.86866666666667,1289568256.0,163.0,923.6666666666666,5840896.0,34133.333333333336,23-09 04:13:36
60.855333333333334,1319006208.0,15527.666666666666,15951.333333333334,8889685.333333334,0.0,23-09 04:13:37
58.623999999999995,1347691861.3333333,190589.33333333334,211816.66666666666,9108138.666666666,13653.333333333334,23-09 04:13:38
63.06866666666667,1391811242.6666667,1313636.6666666667,1392052.6666666667,8891050.666666666,0.0,23-09 04:13:39
62.358,1439167829.3333333,2192968.6666666665,2110522.6666666665,9874090.666666666,0.0,23-09 04:13:40
60.68166666666667,1459620522.6666667,2104538.3333333335,2209264.3333333335,8870570.666666666,17749.333333333332,23-09 04:13:41
52.67666666666668,1471217664.0,2849678.0,2948313.0,10616832.0,0.0,23-09 04:13:42
51.25133333333334,1487672661.3333333,2544463.0,2514307.3333333335,10310997.333333334,4096.0,23-09 04:13:43
50.673333333333325,1499460949.3333333,2838803.6666666665,2804617.0,9837226.666666666,0.0,23-09 04:13:44
51.407999999999994,1517137920.0,2498228.6666666665,2539626.6666666665,10448896.0,23954773.333333332,23-09 04:13:45
50.742,1530123605.3333333,3070073.3333333335,4580207.666666667,9525930.666666666,1208320.0,23-09 04:13:46
61.416333333333334,1557052074.6666667,5301746.333333333,6089487.333333333,7488853.333333333,619861.3333333334,23-09 04:13:47
42.004999999999995,1562028714.6666667,5721032.333333333,5689485.0,5427200.0,0.0,23-09 04:13:48
31.591333333333335,1571150506.6666667,5207946.666666667,2995464.0,3031040.0,47786.666666666664,23-09 04:13:49
17.08633333333334,1577058304.0,3040300.6666666665,3056893.0,3059712.0,30243498.666666668,23-09 04:13:50
17.248,1580179456.0,3124337.6666666665,3064944.3333333335,3014656.0,90112.0,23-09 04:13:51
17.416333333333334,1581958485.3333333,2964956.0,3035630.3333333335,2970965.3333333335,88746.66666666667,23-09 04:13:52
17.420666666666673,1586667520.0,2879286.6666666665,2862082.6666666665,2890410.6666666665,68266.66666666667,23-09 04:13:53
17.424666666666667,1588790613.3333333,3197844.6666666665,3194198.0,3145728.0,24576.0,23-09 04:13:54
19.405666666666665,1590752597.3333333,1688761.3333333333,1544586.6666666667,1481386.6666666667,0.0,23-09 04:13:55
43.62233333333334,1603173034.6666667,82038.33333333333,22640.0,734549.3333333334,0.0,23-09 04:13:56
58.00666666666667,1621151744.0,17120.0,5005.0,17749.333333333332,95573.33333333333,23-09 04:13:57
59.03400000000001,1626140672.0,270174.6666666667,221710.0,289450.6666666667,32768.0,23-09 04:13:58
54.026666666666664,1635116373.3333333,151180.33333333334,153189.0,2730.6666666666665,30037.333333333332,23-09 04:13:59
67.098,1687678976.0,18428.333333333332,5500.0,0.0,38229.333333333336,23-09 04:14:00
64.53266666666667,1739426474.6666667,722.6666666666666,1700.0,9557.333333333334,0.0,23-09 04:14:01
61.629999999999995,1761712810.6666667,1692.0,2946.3333333333335,0.0,0.0,23-09 04:14:02
51.641333333333336,1769022805.3333333,4213.666666666667,7326.666666666667,28672.0,25941.333333333332,23-09 04:14:03
23.438666666666666,1774536021.3333333,1994.0,3538.6666666666665,20480.0,39627434.666666664,23-09 04:14:04
32.443333333333335,1765365077.3333333,70763.66666666667,23247.0,0.0,140629.33333333334,23-09 04:14:05
46.39333333333334,1772309162.6666667,98402.33333333333,39418.333333333336,0.0,0.0,23-09 04:14:06
50.36366666666666,1781248000.0,127784.66666666667,49366.333333333336,1365.3333333333333,18666837.333333332,23-09 04:14:07
52.218333333333334,1784896170.6666667,121290.0,60785.666666666664,0.0,0.0,23-09 04:14:08
48.333333333333336,1782803114.6666667,74618.33333333333,53125.0,4096.0,68411392.0,23-09 04:14:09
27.880666666666666,1782569642.6666667,74106.66666666667,34900.333333333336,0.0,139264.0,23-09 04:14:10
44.836333333333336,1837933909.3333333,20921.666666666668,4195.333333333333,0.0,0.0,23-09 04:14:11
39.773,1782363477.3333333,163.0,812.3333333333334,0.0,42011306.666666664,23-09 04:14:12
34.08866666666666,1782071296.0,336.3333333333333,1410.3333333333333,0.0,0.0,23-09 04:14:13
40.36933333333334,1782844074.6666667,209134.33333333334,293520.3333333333,0.0,24576.0,23-09 04:14:14
61.08966666666666,1780337322.6666667,3144351.0,3216551.6666666665,0.0,47786.666666666664,23-09 04:14:15
51.766333333333336,1781544277.3333333,3577929.6666666665,3549846.3333333335,0.0,0.0,23-09 04:14:16
50.748,1786863616.0,2946659.3333333335,2960051.3333333335,0.0,0.0,23-09 04:14:17
50.083666666666666,1795235840.0,2801393.3333333335,2834369.0,0.0,0.0,23-09 04:14:18
49.92133333333334,1798642346.6666667,3131376.0,3111995.3333333335,0.0,6826.666666666667,23-09 04:14:19
49.83666666666667,1801408512.0,3414345.3333333335,3458365.0,0.0,13653.333333333334,23-09 04:14:20
50.75633333333334,1802787498.6666667,3476748.6666666665,3457388.3333333335,0.0,4096.0,23-09 04:14:21
57.5,1804623872.0,3318835.6666666665,3402414.0,0.0,0.0,23-09 04:14:22
51.96866666666667,1805053952.0,3279520.0,5789370.333333333,0.0,0.0,23-09 04:14:23
35.33166666666667,1805608277.3333333,6269145.333333333,6136003.666666667,0.0,0.0,23-09 04:14:24
34.33266666666666,1805799424.0,5852515.0,4071532.6666666665,0.0,114688.0,23-09 04:14:25
23.836666666666662,1805673813.3333333,3973867.3333333335,3264939.3333333335,0.0,0.0,23-09 04:14:26
17.329333333333334,1805109930.6666667,3127906.0,3204336.0,0.0,17749.333333333332,23-09 04:14:27
17.420333333333335,1804981589.3333333,3625254.6666666665,3611339.3333333335,0.0,0.0,23-09 04:14:28
28.65433333333333,1804390400.0,665279.3333333334,483611.0,0.0,0.0,23-09 04:14:29
34.37733333333333,1805736618.6666667,70548.0,16803.333333333332,1365.3333333333333,65536.0,23-09 04:14:30
33.75233333333333,1809741141.3333333,22428.0,8620.333333333334,0.0,0.0,23-09 04:14:31
33.418,1718953301.3333333,317.6666666666667,1968.6666666666667,0.0,0.0,23-09 04:14:32
40.031666666666666,1719204522.6666667,860915.3333333334,1083931.6666666667,0.0,24576.0,23-09 04:14:33
51.59900000000001,1719470762.6666667,3917665.0,3885571.6666666665,0.0,27306.666666666668,23-09 04:14:34
50.83833333333334,1715788458.6666667,3205908.3333333335,3178798.3333333335,0.0,15018.666666666666,23-09 04:14:35
52.51,1714440874.6666667,3106834.3333333335,3092222.6666666665,0.0,12288.0,23-09 04:14:36
51.92866666666668,1713704960.0,2826367.0,2785463.6666666665,0.0,27306.666666666668,23-09 04:14:37
50.90966666666667,1721939285.3333333,2763445.6666666665,2677927.3333333335,0.0,0.0,23-09 04:14:38
52.01666666666666,1632987818.6666667,2884366.3333333335,3018882.3333333335,1365.3333333333333,131072.0,23-09 04:14:39
49.67166666666666,1641309525.3333333,3421405.6666666665,3440977.6666666665,0.0,23210.666666666668,23-09 04:14:40
50.25200000000001,1644290048.0,3395636.0,3471107.0,0.0,35498.666666666664,23-09 04:14:41
59.104000000000006,1645015040.0,2995070.3333333335,2948992.0,4096.0,136533.33333333334,23-09 04:14:42
45.76066666666667,1647333376.0,2848410.3333333335,2842807.0,0.0,0.0,23-09 04:14:43
35.412,1647946410.6666667,2964489.0,2977570.3333333335,1365.3333333333333,38229.333333333336,23-09 04:14:44
23.265666666666664,1648051541.3333333,2785321.0,2707244.0,16384.0,13653.333333333334,23-09 04:14:45
17.500333333333334,1645628074.6666667,2809707.3333333335,2832441.3333333335,0.0,38229.333333333336,23-09 04:14:46
19.191333333333336,1645995349.3333333,2410463.3333333335,2449897.0,0.0,0.0,23-09 04:14:47
18.267333333333337,1650570581.3333333,2336401.0,2197464.6666666665,0.0,0.0,23-09 04:14:48
39.421,1657232042.6666667,171571.0,114609.66666666667,0.0,0.0,23-09 04:14:49
48.55000000000001,1661747200.0,345931.0,272453.0,0.0,16384.0,23-09 04:14:50
46.205000000000005,1686013269.3333333,19882.666666666668,3599.6666666666665,0.0,51882.666666666664,23-09 04:14:51
66.552,1737699328.0,696.6666666666666,1663.6666666666667,0.0,40960.0,23-09 04:14:52
56.201,1786845866.6666667,4710.666666666667,5331.666666666667,0.0,0.0,23-09 04:14:53
33.65,1804293461.3333333,1683.3333333333333,5186.0,28672.0,39436288.0,23-09 04:14:54
24.119,1801804458.6666667,50111.333333333336,24602.333333333332,0.0,62805.333333333336,23-09 04:14:55
38.11933333333334,1805183658.6666667,109309.33333333333,43221.666666666664,10922.666666666666,0.0,23-09 04:14:56
45.767,1806800213.3333333,138206.0,52134.333333333336,0.0,40960.0,23-09 04:14:57
44.18266666666667,1805579605.3333333,131666.0,56958.0,0.0,46421.333333333336,23-09 04:14:58
40.521,1805224618.6666667,80778.0,62649.0,2730.6666666666665,27962026.666666668,23-09 04:14:59
19.320333333333334,1803475626.6666667,65322.333333333336,20900.0,0.0,40312832.0,23-09 04:15:00
31.643,1803194368.0,20916.0,4187.0,0.0,0.0,23-09 04:15:01
33.333333333333336,1803339093.3333333,287.6666666666667,1950.6666666666667,0.0,353621.3333333333,23-09 04:15:02
37.57033333333333,1802614101.3333333,750185.3333333334,909906.0,0.0,31402.666666666668,23-09 04:15:03
50.083,1791410176.0,3861892.6666666665,3828774.6666666665,0.0,0.0,23-09 04:15:04
50.50066666666667,1794349738.6666667,3256287.3333333335,3263825.3333333335,0.0,27306.666666666668,23-09 04:15:05
49.66733333333334,1803909802.6666667,3180693.0,3204509.0,0.0,0.0,23-09 04:15:06
49.833333333333336,1816027136.0,2931606.3333333335,2945979.6666666665,0.0,0.0,23-09 04:15:07
50.586999999999996,1818532522.6666667,2896905.6666666665,2944376.0,0.0,9557.333333333334,23-09 04:15:08
50.335,1822343168.0,3189676.3333333335,3168675.6666666665,0.0,0.0,23-09 04:15:09
50.33666666666667,1824885418.6666667,3281679.6666666665,3266989.3333333335,0.0,5461.333333333333,23-09 04:15:10
54.06833333333333,1827464533.3333333,3236307.6666666665,3268872.3333333335,0.0,0.0,23-09 04:15:11
44.082,1831273813.3333333,3027811.3333333335,2991843.0,0.0,0.0,23-09 04:15:12
31.334999999999997,1832286890.6666667,2853456.0,2878330.3333333335,0.0,16384.0,23-09 04:15:13
17.337666666666667,1832183125.3333333,2765504.6666666665,2785398.6666666665,0.0,5461.333333333333,23-09 04:15:14
17.835,1832073898.6666667,2903941.0,2870715.3333333335,0.0,39594.666666666664,23-09 04:15:15
17.168333333333333,1832068437.3333333,2694509.3333333335,2730901.0,0.0,0.0,23-09 04:15:16
17.505333333333333,1832150357.3333333,2961407.0,2898286.3333333335,0.0,0.0,23-09 04:15:17
22.185333333333332,1832689664.0,1741190.3333333333,1610005.6666666667,0.0,19114.666666666668,23-09 04:15:18
26.582000000000004,1833234432.0,54349.0,18727.333333333332,0.0,19114.666666666668,23-09 04:15:19
31.564333333333327,1836511232.0,19281.0,5279.0,0.0,206165.33333333334,23-09 04:15:20
33.58466666666667,1846846805.3333333,163.0,861.0,0.0,0.0,23-09 04:15:21
37.539,1851271850.6666667,937395.0,1163321.3333333333,0.0,0.0,23-09 04:15:22
50.248,1861388970.6666667,4227661.666666667,4182612.0,0.0,0.0,23-09 04:15:23
51.345,1774514176.0,3283689.0,3278329.6666666665,0.0,47786.666666666664,23-09 04:15:24
50.998333333333335,1776611328.0,3154775.6666666665,3169408.3333333335,0.0,161109.33333333334,23-09 04:15:25
50.498333333333335,1782005760.0,3167105.3333333335,3096849.6666666665,0.0,0.0,23-09 04:15:26
51.25133333333333,1702199296.0,3024560.3333333335,3055478.3333333335,0.0,0.0,23-09 04:15:27
51.0,1702057301.3333333,2989765.3333333335,2992584.0,0.0,0.0,23-09 04:15:28
51.43200000000001,1701781504.0,3002468.3333333335,3072558.0,0.0,10922.666666666666,23-09 04:15:29
50.166666666666664,1701584896.0,3040192.6666666665,2965453.3333333335,0.0,241664.0,23-09 04:15:30
50.252,1701855232.0,2610235.6666666665,2709201.0,0.0,0.0,23-09 04:15:31
37.845000000000006,1703036245.3333333,2688243.6666666665,2590745.3333333335,0.0,20480.0,23-09 04:15:32
30.600333333333335,1681210026.6666667,2816028.3333333335,2852017.3333333335,0.0,0.0,23-09 04:15:33
17.169333333333334,1680433152.0,2635894.3333333335,2633637.0,0.0,0.0,23-09 04:15:34
17.0,1680527360.0,2697983.3333333335,2703907.0,0.0,88746.66666666667,23-09 04:15:35
17.757,1680494592.0,3039679.0,3064319.0,0.0,30037.333333333332,23-09 04:15:36
16.159333333333333,1680991573.3333333,2185470.3333333335,2030549.0,0.0,45056.0,23-09 04:15:37
40.909,1686346410.6666667,159919.66666666666,128002.0,0.0,0.0,23-09 04:15:38
43.605333333333334,1686521173.3333333,355853.3333333333,261778.33333333334,0.0,0.0,23-09 04:15:39
50.76466666666667,1714023082.6666667,18542.666666666668,5665.333333333333,0.0,62805.333333333336,23-09 04:15:40
57.5,1720782848.0,4302.666666666667,4061.0,0.0,139264.0,23-09 04:15:41
52.429,1760524970.6666667,1432.3333333333333,3532.0,0.0,4096.0,23-09 04:15:42
23.983000000000004,1808556032.0,941.0,3799.0,0.0,39471786.666666664,23-09 04:15:43
24.060666666666663,1797199189.3333333,70981.33333333333,28003.0,0.0,0.0,23-09 04:15:44
44.48,1801419434.6666667,110528.0,42602.666666666664,0.0,15018.666666666666,23-09 04:15:45
45.63466666666667,1813965482.6666667,115225.66666666667,52933.666666666664,0.0,110592.0,23-09 04:15:46
44.836333333333336,1823916032.0,120989.66666666667,58547.0,0.0,0.0,23-09 04:15:47
30.552999999999997,1821061120.0,114229.33333333333,64831.0,2730.6666666666665,68355413.33333333,23-09 04:15:48
24.525333333333336,1820039850.6666667,66658.0,22835.666666666668,0.0,0.0,23-09 04:15:49
34.166666666666664,1821792938.6666667,199.66666666666666,1061.3333333333333,1365.3333333333333,4911104.0,23-09 04:15:50
33.83766666666667,1825789269.3333333,163.0,880.3333333333334,0.0,13837653.333333334,23-09 04:15:51
37.68833333333334,1832968192.0,831201.6666666666,1018966.3333333334,0.0,0.0,23-09 04:15:52
50.49666666666667,1817470293.3333333,3987195.0,3926342.0,0.0,0.0,23-09 04:15:53
50.67166666666666,1820966912.0,3117474.3333333335,3127390.6666666665,0.0,0.0,23-09 04:15:54
49.82666666666666,1832869888.0,2852297.0,2930444.0,0.0,0.0,23-09 04:15:55
50.083,1754086058.6666667,2929560.3333333335,2861369.3333333335,1365.3333333333333,42008576.0,23-09 04:15:56
50.333333333333336,1761497088.0,2916011.3333333335,2967396.6666666665,0.0,9557.333333333334,23-09 04:15:57
50.17066666666667,1767070378.6666667,3022139.6666666665,3000102.6666666665,0.0,0.0,23-09 04:15:58
50.577333333333335,1768733354.6666667,3238102.3333333335,4386738.666666667,0.0,0.0,23-09 04:15:59
39.02,1770816853.3333333,5284699.666666667,6707823.0,0.0,0.0,23-09 04:16:00
33.83733333333334,1775016618.6666667,6117714.0,5931863.666666667,105130.66666666667,8192.0,23-09 04:16:01
32.412,1774951082.6666667,5142753.666666667,2749229.3333333335,0.0,39594.666666666664,23-09 04:16:02
17.583000000000006,1775771648.0,2186900.0,2211659.3333333335,0.0,25941.333333333332,23-09 04:16:03
17.08566666666667,1775717034.6666667,2976642.3333333335,2947690.3333333335,0.0,0.0,23-09 04:16:04
17.254,1775607808.0,2963736.3333333335,2999916.6666666665,0.0,0.0,23-09 04:16:05
17.254666666666665,1775766186.6666667,3180221.0,3164323.6666666665,0.0,5461.333333333333,23-09 04:16:06
19.400666666666666,1775557290.6666667,2007456.0,1841409.3333333333,0.0,5461.333333333333,23-09 04:16:07
23.52333333333333,1774604288.0,65730.0,15158.0,0.0,5461.333333333333,23-09 04:16:08
31.561666666666667,1775793493.3333333,24971.333333333332,9528.333333333334,0.0,0.0,23-09 04:16:09
33.99333333333333,1777952085.3333333,236.33333333333334,1247.6666666666667,0.0,0.0,23-09 04:16:10
38.19266666666667,1782969685.3333333,899186.6666666666,1081546.0,0.0,0.0,23-09 04:16:11
50.169999999999995,1789921962.6666667,3795768.3333333335,3766227.6666666665,0.0,240298.66666666666,23-09 04:16:12
50.75366666666667,1797869568.0,3239047.3333333335,3254415.3333333335,0.0,80554.66666666667,23-09 04:16:13
50.662,1805453994.6666667,3042863.3333333335,3048486.6666666665,0.0,0.0,23-09 04:16:14
51.839000000000006,1726266026.6666667,2962447.0,2974896.6666666665,0.0,0.0,23-09 04:16:15
50.834333333333326,1726235989.3333333,2938439.3333333335,2900304.0,105130.66666666667,8192.0,23-09 04:16:16
50.001666666666665,1726149973.3333333,3048892.6666666665,3016707.6666666665,0.0,38229.333333333336,23-09 04:16:17
50.419666666666664,1725864618.6666667,3055247.3333333335,3124945.0,0.0,158378.66666666666,23-09 04:16:18
50.41866666666667,1730297856.0,2996331.3333333335,2945586.6666666665,0.0,0.0,23-09 04:16:19
50.830000000000005,1736293034.6666667,2973802.3333333335,2991194.3333333335,0.0,0.0,23-09 04:16:20
34.49033333333333,1736332629.3333333,2811300.0,2801438.6666666665,0.0,51882.666666666664,23-09 04:16:21
23.363333333333333,1715654656.0,2201175.0,2206208.6666666665,0.0,35498.666666666664,23-09 04:16:22
17.08466666666667,1715748864.0,2547123.6666666665,2586999.6666666665,105130.66666666667,51882.666666666664,23-09 04:16:23
17.08666666666667,1715814400.0,2611394.6666666665,2608100.6666666665,0.0,0.0,23-09 04:16:24
17.338333333333335,1716092928.0,2580173.6666666665,2600962.0,0.0,0.0,23-09 04:16:25
16.917333333333335,1716173482.6666667,2809418.0,2808299.3333333335,0.0,40960.0,23-09 04:16:26
25.63566666666667,1716827477.3333333,1065463.6666666667,851577.0,0.0,77824.0,23-09 04:16:27
39.585,1717669888.0,331613.6666666667,259480.33333333334,0.0,54613.333333333336,23-09 04:16:28
45.23933333333334,1739573930.6666667,153763.33333333334,116345.33333333333,0.0,0.0,23-09 04:16:29
58.49033333333333,1751754069.3333333,1097.6666666666667,1586.3333333333333,0.0,0.0,23-09 04:16:30
54.333333333333336,1795212629.3333333,4718.0,4862.666666666667,0.0,8192.0,23-09 04:16:31
17.342,1798012928.0,1016.0,5635.0,1365.3333333333333,25438890.666666668,23-09 04:16:33
23.405,1811210240.0,1040.3333333333333,2065.3333333333335,0.0,14431573.333333334,23-09 04:16:33
31.639333333333337,1814903466.6666667,159011.33333333334,67623.66666666667,0.0,0.0,23-09 04:16:34
44.266333333333336,1817957717.3333333,130215.33333333333,53097.0,0.0,0.0,23-09 04:16:35
43.788000000000004,1818208938.6666667,142023.66666666666,57377.333333333336,0.0,0.0,23-09 04:16:36
41.608000000000004,1817737898.6666667,93018.0,62701.333333333336,2730.6666666666665,14011050.666666666,23-09 04:16:37
23.43133333333334,1816682496.0,73791.33333333333,25637.666666666668,0.0,54519125.333333336,23-09 04:16:38
33.25133333333333,1822851072.0,732.3333333333334,1008.0,0.0,27306.666666666668,23-09 04:16:39
32.916333333333334,1831792640.0,236.33333333333334,1237.0,0.0,0.0,23-09 04:16:40
38.152,1840937642.6666667,816188.0,963241.0,0.0,0.0,23-09 04:16:41
50.33733333333333,1825800192.0,3879052.3333333335,3834318.3333333335,0.0,25941.333333333332,23-09 04:16:42
49.582,1827239253.3333333,2922920.0,2982438.6666666665,0.0,0.0,23-09 04:16:43
49.74966666666666,1840761514.6666667,3085681.0,3077044.0,0.0,35498.666666666664,23-09 04:16:44
49.16433333333333,1845092352.0,2969715.3333333335,2960320.6666666665,0.0,0.0,23-09 04:16:45
49.583,1857208320.0,2923188.3333333335,2915418.3333333335,0.0,0.0,23-09 04:16:46
49.83833333333333,1862802090.6666667,3060626.0,3059179.6666666665,0.0,0.0,23-09 04:16:47
52.50333333333333,1866952704.0,3190942.3333333335,3227978.6666666665,0.0,4096.0,23-09 04:16:48
54.079,1869972821.3333333,3267549.3333333335,3300256.3333333335,0.0,8192.0,23-09 04:16:49
39.11366666666667,1874995882.6666667,3044587.6666666665,3060064.0,0.0,0.0,23-09 04:16:50
27.742000000000004,1876178261.3333333,3133405.6666666665,3142649.6666666665,0.0,21845.333333333332,23-09 04:16:51
17.584,1876112725.3333333,2852632.6666666665,2814148.6666666665,0.0,0.0,23-09 04:16:52
17.250333333333337,1876205568.0,3204242.6666666665,3178581.0,0.0,21845.333333333332,23-09 04:16:53
17.08366666666667,1876250624.0,3075029.3333333335,3119574.6666666665,0.0,4096.0,23-09 04:16:54
17.752,1876261546.6666667,3141159.6666666665,3173321.6666666665,0.0,15018.666666666666,23-09 04:16:55
22.198000000000008,1874989056.0,984109.6666666666,753738.3333333334,0.0,18695509.333333332,23-09 04:16:56
26.207333333333334,1756921856.0,46142.333333333336,11188.0,0.0,0.0,23-09 04:16:57
33.75366666666667,1758250325.3333333,250.33333333333334,1269.6666666666667,0.0,0.0,23-09 04:16:58
33.333333333333336,1757622272.0,199.66666666666666,1061.3333333333333,0.0,39594.666666666664,23-09 04:16:59
38.959,1709819221.3333333,912097.3333333334,1123942.3333333333,1365.3333333333333,45056.0,23-09 04:17:00
50.835,1710791338.6666667,3853907.0,3783408.0,77824.0,0.0,23-09 04:17:01
50.92133333333334,1710951082.6666667,3090208.3333333335,3120539.3333333335,35498.666666666664,20480.0,23-09 04:17:02
50.5,1710781781.3333333,3088922.6666666665,3074022.0,0.0,17749.333333333332,23-09 04:17:03
50.833333333333336,1711113557.3333333,2935875.6666666665,2951513.0,0.0,15018.666666666666,23-09 04:17:04
51.85433333333333,1711159978.6666667,3073269.6666666665,3064592.6666666665,0.0,38229.333333333336,23-09 04:17:05
50.663333333333334,1711150421.3333333,3273673.0,3339785.0,0.0,0.0,23-09 04:17:06
51.348333333333336,1711487658.6666667,3246307.0,3219476.0,0.0,117418.66666666667,23-09 04:17:07
51.330666666666666,1716082005.3333333,2983356.3333333335,3034353.3333333335,0.0,157013.33333333334,23-09 04:17:08
37.43633333333333,1722455381.3333333,2804233.3333333335,2737214.0,0.0,19114.666666666668,23-09 04:17:09
29.034000000000002,1726276949.3333333,2789768.0,2836811.3333333335,0.0,32768.0,23-09 04:17:10
16.999333333333333,1729265664.0,2706563.3333333335,2585746.6666666665,92842.66666666667,20480.0,23-09 04:17:11
17.418,1735639040.0,2832799.6666666665,2866421.0,0.0,19114.666666666668,23-09 04:17:12
17.915666666666667,1726347946.6666667,2458559.0,2526633.0,0.0,0.0,23-09 04:17:13
17.165000000000003,1726162261.3333333,3301904.3333333335,3309194.6666666665,0.0,20480.0,23-09 04:17:14
17.740333333333336,1727847082.6666667,2170245.3333333335,1994985.6666666667,0.0,0.0,23-09 04:17:15
37.93233333333333,1732699477.3333333,277046.6666666667,286463.0,0.0,39594.666666666664,23-09 04:17:16
29.724,1738736981.3333333,228743.33333333334,98467.0,0.0,0.0,23-09 04:17:17
57.876666666666665,1757133482.6666667,18502.333333333332,5819.666666666667,0.0,0.0,23-09 04:17:18
54.61666666666667,1788877482.6666667,4997.0,4515.0,0.0,0.0,23-09 04:17:19
35.023666666666664,1810655914.6666667,864.3333333333334,2094.3333333333335,0.0,66901.33333333333,23-09 04:17:20
14.643333333333333,1827980629.3333333,670.0,4240.0,0.0,43828565.333333336,23-09 04:17:22
21.243333333333336,1839523157.3333333,1114.0,2005.3333333333333,0.0,14330538.666666666,23-09 04:17:22
26.74166666666667,1839347029.3333333,104518.0,39048.666666666664,0.0,0.0,23-09 04:17:23
46.67333333333334,1853628416.0,111353.0,42889.666666666664,0.0,0.0,23-09 04:17:24
42.575333333333326,1853205162.6666667,149385.66666666666,70395.66666666667,0.0,45056.0,23-09 04:17:25
44.34166666666667,1853216085.3333333,159018.0,85887.66666666667,1365.3333333333333,42171050.666666664,23-09 04:17:26
25.966333333333335,1852747776.0,75685.33333333333,25794.333333333332,1365.3333333333333,42287104.0,23-09 04:17:27
33.580333333333336,1855784277.3333333,236.33333333333334,1253.0,0.0,0.0,23-09 04:17:28
32.835,1862991872.0,199.66666666666666,1026.0,0.0,0.0,23-09 04:17:29
38.312333333333335,1869391189.3333333,860185.0,1050121.3333333333,0.0,32768.0,23-09 04:17:30
50.42033333333334,1870572202.6666667,4062102.3333333335,4010013.6666666665,0.0,43690.666666666664,23-09 04:17:31
49.333333333333336,1878971733.3333333,2930988.0,2951251.6666666665,0.0,23210.666666666668,23-09 04:17:32
49.25466666666666,1893064704.0,2795867.6666666665,2769911.6666666665,0.0,0.0,23-09 04:17:33
50.422000000000004,1904269994.6666667,2953844.3333333335,2982018.3333333335,0.0,0.0,23-09 04:17:34
51.16833333333333,1914613760.0,3044121.3333333335,3072491.6666666665,0.0,0.0,23-09 04:17:35
50.08533333333333,1924687189.3333333,3171877.6666666665,3168277.0,0.0,12288.0,23-09 04:17:36
50.913000000000004,1853441365.3333333,3272309.0,4397362.333333333,0.0,4096.0,23-09 04:17:37
38.75366666666667,1856935253.3333333,4857825.0,6094600.333333333,0.0,0.0,23-09 04:17:38
33.24033333333333,1858400256.0,5758613.0,5663683.0,0.0,0.0,23-09 04:17:39
34.17,1863396010.6666667,5875824.333333333,3637393.0,0.0,0.0,23-09 04:17:40
19.76566666666667,1863554389.3333333,3088776.3333333335,3072343.0,0.0,32768.0,23-09 04:17:41
17.505333333333336,1863557120.0,2928602.3333333335,2889626.3333333335,0.0,68266.66666666667,23-09 04:17:42
17.756333333333334,1863670442.6666667,2895466.6666666665,2903563.3333333335,0.0,4096.0,23-09 04:17:43
16.585666666666665,1863675904.0,2905149.3333333335,2939643.0,0.0,0.0,23-09 04:17:44
21.104666666666667,1863535274.6666667,1351406.0,1168499.0,0.0,0.0,23-09 04:17:45
15.373333333333335,1865005738.6666667,82064.33333333333,36399.666666666664,0.0,20480.0,23-09 04:17:46
29.12966666666667,1866050218.6666667,29121.0,24951.333333333332,0.0,51882.666666666664,23-09 04:17:47
34.51166666666666,1866306901.3333333,4700.333333333333,68033.0,0.0,0.0,23-09 04:17:48
20.392,1866282325.3333333,65282.666666666664,2906.3333333333335,0.0,47786.666666666664,23-09 04:17:49
14.500333333333332,1866305536.0,31140.666666666668,6233.0,0.0,0.0,23-09 04:17:50
40.574,1868005376.0,44322.666666666664,7263.0,0.0,68266.66666666667,23-09 04:17:51
39.275666666666666,1871806464.0,236.33333333333334,1233.6666666666667,0.0,61440.0,23-09 04:17:52
39.08533333333333,1880440832.0,299.6666666666667,1262.0,0.0,0.0,23-09 04:17:53
40.24866666666667,1882841088.0,269886.3333333333,414478.6666666667,0.0,0.0,23-09 04:17:54
56.282999999999994,1888594602.6666667,3580917.3333333335,3682403.6666666665,0.0,19114.666666666668,23-09 04:17:55
56.74966666666666,1889460224.0,3306936.6666666665,3291139.6666666665,0.0,68266.66666666667,23-09 04:17:56
49.92033333333333,1881488042.6666667,3739777.0,3715445.6666666665,0.0,68266.66666666667,23-09 04:17:57
50.83166666666667,1881467562.6666667,3770035.3333333335,3760510.3333333335,0.0,0.0,23-09 04:17:58
49.582,1881662805.3333333,3629976.6666666665,3675810.6666666665,0.0,0.0,23-09 04:17:59
49.999,1882023253.3333333,3941727.0,3949487.0,0.0,0.0,23-09 04:18:00
57.19200000000001,1888632832.0,3735683.3333333335,3707077.0,0.0,5461.333333333333,23-09 04:18:01
39.388999999999996,1888994645.3333333,3215580.0,3129197.3333333335,0.0,31402.666666666668,23-09 04:18:02
20.898000000000003,1888885418.6666667,3238249.0,3327382.3333333335,0.0,0.0,23-09 04:18:03
17.669999999999998,1888852650.6666667,3216572.6666666665,3205528.0,0.0,0.0,23-09 04:18:04
17.419,1888814421.3333333,3377946.6666666665,3424625.0,0.0,0.0,23-09 04:18:05
17.087333333333333,1888937301.3333333,3926972.6666666665,3864944.6666666665,0.0,46421.333333333336,23-09 04:18:06
18.74,1888752981.3333333,2527767.0,2362751.0,0.0,8192.0,23-09 04:18:07
30.28766666666667,1891902805.3333333,12929.333333333334,3447.6666666666665,0.0,23210.666666666668,23-09 04:18:08
35.33166666666667,1892108970.6666667,163.0,885.6666666666666,0.0,0.0,23-09 04:18:09
38.58133333333333,1893261312.0,623677.3333333334,759234.6666666666,0.0,0.0,23-09 04:18:10
55.83166666666667,1893733717.3333333,3858762.0,3936437.0,0.0,17749.333333333332,23-09 04:18:11
50.75466666666667,1893643605.3333333,3732149.0,3702581.3333333335,0.0,0.0,23-09 04:18:12
50.00233333333333,1893621760.0,3179628.3333333335,3149211.0,0.0,28672.0,23-09 04:18:13
49.586333333333336,1893485226.6666667,2942358.3333333335,2953385.3333333335,0.0,0.0,23-09 04:18:14
49.495000000000005,1893063338.6666667,3515055.6666666665,3494899.0,0.0,0.0,23-09 04:18:15
50.336666666666666,1891472725.3333333,3315939.6666666665,3367103.6666666665,0.0,6826.666666666667,23-09 04:18:16
50.5,1891389440.0,3443313.0,3457240.0,0.0,61440.0,23-09 04:18:17
50.07866666666667,1891254272.0,3259961.3333333335,3336140.0,0.0,25941.333333333332,23-09 04:18:18
41.583,1891442688.0,3278765.3333333335,3194373.3333333335,0.0,0.0,23-09 04:18:19
21.561333333333337,1891235157.3333333,3175451.3333333335,3166843.0,0.0,0.0,23-09 04:18:20
16.919,1891239253.3333333,3268379.6666666665,3310247.0,0.0,6826.666666666667,23-09 04:18:21
16.916666666666668,1891318442.6666667,3515656.0,3521299.6666666665,0.0,23210.666666666668,23-09 04:18:22
17.166666666666668,1891198293.3333333,3607671.6666666665,3630349.3333333335,0.0,58709.333333333336,23-09 04:18:23
10.609,1885664597.3333333,1004145.3333333334,827490.0,0.0,0.0,23-09 04:18:24
36.166666666666664,1885933568.0,175172.33333333334,94992.33333333333,0.0,0.0,23-09 04:18:25
33.66766666666667,1889658197.3333333,199.66666666666666,1061.3333333333333,0.0,27306.666666666668,23-09 04:18:26
33.24866666666667,1890962090.6666667,163.0,869.6666666666666,0.0,6826.666666666667,23-09 04:18:27
37.14833333333334,1895516842.6666667,729893.0,873198.3333333334,0.0,0.0,23-09 04:18:28
51.767,1801431722.6666667,3597876.0,3670012.0,0.0,15018.666666666666,23-09 04:18:29
50.252,1801396224.0,3003565.6666666665,2956400.0,0.0,0.0,23-09 04:18:30
50.75466666666667,1801460394.6666667,2869668.6666666665,2804234.0,0.0,0.0,23-09 04:18:31
50.42133333333334,1801580544.0,2516904.3333333335,2493847.3333333335,0.0,64170.666666666664,23-09 04:18:32
51.08533333333333,1800708096.0,2432591.6666666665,2497274.6666666665,0.0,0.0,23-09 04:18:33
50.410666666666664,1799897088.0,2569937.3333333335,2631081.6666666665,0.0,8192.0,23-09 04:18:34
50.83733333333333,1799883434.6666667,2832651.6666666665,2814129.3333333335,0.0,4096.0,23-09 04:18:35
51.416333333333334,1799614464.0,2713992.6666666665,2693341.6666666665,0.0,20480.0,23-09 04:18:36
52.733000000000004,1801254229.3333333,2648914.3333333335,2697306.0,0.0,9557.333333333334,23-09 04:18:37
57.32033333333334,1802081621.3333333,2721604.0,2720610.3333333335,0.0,0.0,23-09 04:18:38
45.13633333333334,1802331477.3333333,2659178.3333333335,2585195.3333333335,0.0,28672.0,23-09 04:18:39
34.089666666666666,1802437973.3333333,2329453.3333333335,2360400.6666666665,91477.33333333333,0.0,23-09 04:18:40
26.800666666666668,1802371072.0,2276057.0,2302519.3333333335,0.0,76458.66666666667,23-09 04:18:41
18.010333333333335,1802338304.0,2489051.6666666665,2544136.3333333335,0.0,23210.666666666668,23-09 04:18:42
17.586666666666662,1802448896.0,2548412.0,2524459.6666666665,0.0,0.0,23-09 04:18:43
18.00433333333333,1802383360.0,2787836.3333333335,2774766.0,0.0,24576.0,23-09 04:18:44
17.502666666666666,1802029738.6666667,1789649.3333333333,1646181.3333333333,0.0,0.0,23-09 04:18:45
34.56366666666667,1796007253.3333333,59398.0,25599.666666666668,0.0,35498.666666666664,23-09 04:18:46
42.447,1794572288.0,111078.0,45051.0,0.0,0.0,23-09 04:18:47
40.263333333333335,1794450773.3333333,109392.0,47682.666666666664,0.0,17749.333333333332,23-09 04:18:48
43.110666666666674,1794270549.3333333,124405.66666666667,56539.333333333336,0.0,0.0,23-09 04:18:49
48.65133333333333,1794157226.6666667,78835.33333333333,47944.666666666664,0.0,19114.666666666668,23-09 04:18:50
29.12566666666667,1791574016.0,1014623.0,39804.666666666664,0.0,35498.666666666664,23-09 04:18:51
45.833333333333336,1794472618.6666667,2105595.3333333335,1327811.3333333333,5040810.666666667,65536.0,23-09 04:18:52
33.501666666666665,1793359872.0,247232.66666666666,1942300.0,9034410.666666666,25941.333333333332,23-09 04:18:53
42.583666666666666,1797450410.6666667,408659.6666666667,3659.6666666666665,5548714.666666667,0.0,23-09 04:18:54
62.687333333333335,1800781824.0,1976292.6666666667,684566.0,6340608.0,30037.333333333332,23-09 04:18:55
52.51333333333333,1801637888.0,2530846.6666666665,2028012.6666666667,7494314.666666667,0.0,23-09 04:18:56
49.91700000000001,1795817472.0,2795435.0,2646295.3333333335,8170154.666666667,5461.333333333333,23-09 04:18:57
50.08366666666668,1795698688.0,3100527.6666666665,2977916.6666666665,6366549.333333333,5461.333333333333,23-09 04:18:58
38.94866666666667,1795709610.6666667,2768944.0,3028744.0,4019541.3333333335,0.0,23-09 04:18:59
23.032666666666668,1795728725.3333333,2731668.6666666665,2693761.3333333335,2621440.0,0.0,23-09 04:19:00
17.332666666666665,1795750570.6666667,2817047.0,2840788.6666666665,2796202.6666666665,17749.333333333332,23-09 04:19:01
17.64666666666667,1797505024.0,2529417.3333333335,2807102.3333333335,2796202.6666666665,34133.333333333336,23-09 04:19:02
35.445,1802016085.3333333,2220442.0,2320490.3333333335,1108650.6666666667,21845.333333333332,23-09 04:19:03
37.001666666666665,1802287786.6666667,665280.3333333334,2492577.6666666665,0.0,0.0,23-09 04:19:04
33.58533333333334,1802604544.0,366.6666666666667,10439.333333333334,0.0,0.0,23-09 04:19:05
40.62133333333333,1805242368.0,509436.0,3537.3333333333335,0.0,32768.0,23-09 04:19:06
56.998333333333335,1809301504.0,2363277.3333333335,834448.6666666666,0.0,0.0,23-09 04:19:07
50.50666666666667,1809175893.3333333,2689578.0,2579079.0,0.0,15018.666666666666,23-09 04:19:08
50.083666666666666,1809358848.0,2913024.0,2536539.0,0.0,4096.0,23-09 04:19:09
37.940333333333335,1809167701.3333333,3068651.0,3170146.3333333335,0.0,0.0,23-09 04:19:10
33.416333333333334,1809349290.6666667,2896004.0,3045733.3333333335,0.0,19114.666666666668,23-09 04:19:11
22.296666666666667,1809256448.0,2851057.0,2824809.0,0.0,49152.0,23-09 04:19:12
17.082,1809133568.0,2299508.3333333335,2707114.0,0.0,10922.666666666666,23-09 04:19:13
15.566666666666668,1811014997.3333333,1866783.3333333333,2428225.3333333335,0.0,0.0,23-09 04:19:14
26.795666666666666,1816810837.3333333,2494030.0,1939315.6666666667,0.0,21845.333333333332,23-09 04:19:15
33.918666666666674,1816794453.3333333,631113.6666666666,2472988.0,0.0,72362.66666666667,23-09 04:19:16
34.00333333333333,1816769877.3333333,376.6666666666667,31759.0,0.0,0.0,23-09 04:19:17
39.447333333333326,1816956928.0,698833.3333333334,30950.666666666668,0.0,50517.333333333336,23-09 04:19:18
50.166666666666664,1817124864.0,2869780.3333333335,1142240.0,0.0,0.0,23-09 04:19:19
50.589666666666666,1817079808.0,2939821.3333333335,3011780.3333333335,0.0,31402.666666666668,23-09 04:19:20
50.417,1817070250.6666667,3292518.6666666665,2997561.0,0.0,0.0,23-09 04:19:21
36.08133333333333,1817092096.0,2948216.6666666665,3191678.0,0.0,25941.333333333332,23-09 04:19:22
28.0,1817051136.0,2637188.6666666665,2815999.0,0.0,0.0,23-09 04:19:23
17.00166666666667,1817044309.3333333,2842545.6666666665,2758052.6666666665,0.0,5461.333333333333,23-09 04:19:24
17.836000000000002,1816937813.3333333,2851862.6666666665,2812856.0,0.0,19114.666666666668,23-09 04:19:25
18.173,1817220437.3333333,2427109.0,2728222.6666666665,0.0,0.0,23-09 04:19:26
34.00666666666667,1817088000.0,1041924.6666666666,2617074.6666666665,0.0,69632.0,23-09 04:19:27
34.25366666666667,1817057962.6666667,1033.3333333333333,433376.0,0.0,0.0,23-09 04:19:28
38.0,1817137152.0,772349.3333333334,17745.0,0.0,16384.0,23-09 04:19:29
50.16733333333334,1817270954.6666667,3103898.6666666665,1350170.6666666667,0.0,8192.0,23-09 04:19:30
50.166,1817180842.6666667,3025805.0,3068422.6666666665,0.0,0.0,23-09 04:19:31
50.00066666666667,1817123498.6666667,3166203.0,3029287.3333333335,0.0,36864.0,23-09 04:19:32
36.18033333333333,1817160362.6666667,3139725.0,3266009.6666666665,0.0,0.0,23-09 04:19:33
33.66666666666667,1817116672.0,2897600.6666666665,2984813.3333333335,0.0,0.0,23-09 04:19:34
19.192,1817154901.3333333,2847227.0,2995684.3333333335,0.0,21845.333333333332,23-09 04:19:35
17.019333333333332,1817262762.6666667,2607843.3333333335,2812141.6666666665,0.0,20480.0,23-09 04:19:36
24.292333333333335,1816592384.0,2525890.0,2638007.3333333335,0.0,6826.666666666667,23-09 04:19:37
33.50000000000001,1816233301.3333333,457588.3333333333,2367429.6666666665,0.0,19114.666666666668,23-09 04:19:38
33.416333333333334,1816208725.3333333,208.0,13818.666666666666,0.0,0.0,23-09 04:19:39
39.897333333333336,1816098133.3333333,707260.0,4020.3333333333335,0.0,32768.0,23-09 04:19:40
49.99933333333333,1816036693.3333333,2871584.6666666665,1229219.3333333333,0.0,0.0,23-09 04:19:41
49.58633333333333,1816143189.3333333,2935404.3333333335,2928282.3333333335,0.0,0.0,23-09 04:19:42
50.09033333333333,1816023040.0,3289176.0,2970730.3333333335,0.0,4096.0,23-09 04:19:43
37.5,1815994368.0,3030993.3333333335,3258719.3333333335,0.0,0.0,23-09 04:19:44
32.495,1816058538.6666667,2734066.3333333335,2802304.0,0.0,20480.0,23-09 04:19:45
17.168333333333333,1816002560.0,2585438.6666666665,2893544.0,0.0,0.0,23-09 04:19:46
16.673333333333332,1815860565.3333333,2812192.0,2566041.3333333335,0.0,46421.333333333336,23-09 04:19:47
6.0136666666666665,1815811413.3333333,313899.6666666667,2616696.0,0.0,16384.0,23-09 04:19:48
5.215333333333333,1816079018.6666667,788393.3333333334,4695.666666666667,0.0,0.0,23-09 04:19:49
25.498333333333335,1812374869.3333333,2505116.3333333335,1400328.3333333333,0.0,20480.0,23-09 04:19:50
38.23866666666667,1812596053.3333333,748718.6666666666,1881586.3333333333,0.0,51882.666666666664,23-09 04:19:51
50.080333333333336,1812520960.0,2649290.6666666665,1180184.0,0.0,23210.666666666668,23-09 04:19:52
50.58100000000001,1812321621.3333333,2886617.0,2782423.3333333335,0.0,0.0,23-09 04:19:53
50.336666666666666,1812298410.6666667,3272880.3333333335,2904974.0,0.0,8192.0,23-09 04:19:54
50.845000000000006,1812287488.0,3224876.6666666665,3286005.0,0.0,12288.0,23-09 04:19:55
50.584666666666664,1812127744.0,2799935.6666666665,3060572.0,0.0,53248.0,23-09 04:19:56
34.84066666666667,1812172800.0,2823565.3333333335,2930688.6666666665,0.0,12288.0,23-09 04:19:57
30.652666666666665,1812026709.3333333,2834306.6666666665,2745076.3333333335,0.0,0.0,23-09 04:19:58
19.096999999999998,1812196010.6666667,2800693.0,2812392.6666666665,0.0,0.0,23-09 04:19:59
33.248,1812081322.6666667,502885.0,2796177.6666666665,0.0,0.0,23-09 04:20:00
33.668333333333344,1812059477.3333333,347.3333333333333,11722.666666666666,0.0,15018.666666666666,23-09 04:20:01
39.233,1806023338.6666667,876439.3333333334,4692.333333333333,0.0,91477.33333333333,23-09 04:20:02
50.08533333333333,1806030165.3333333,2954859.6666666665,1384318.0,0.0,0.0,23-09 04:20:03
50.166666666666664,1805991936.0,2969165.0,3024710.0,0.0,0.0,23-09 04:20:04
50.416333333333334,1806052010.6666667,3093610.3333333335,2978985.0,0.0,0.0,23-09 04:20:05
34.418,1805950976.0,2891591.0,3104913.3333333335,0.0,0.0,23-09 04:20:06
30.066999999999997,1805807616.0,2663998.3333333335,2767262.3333333335,0.0,47786.666666666664,23-09 04:20:07
17.169999999999998,1805777578.6666667,2780374.0,2764017.0,0.0,5461.333333333333,23-09 04:20:08
17.335,1805848576.0,2748449.0,2728145.3333333335,0.0,0.0,23-09 04:20:09
17.420666666666666,1806198101.3333333,2483012.6666666665,2573607.0,0.0,15018.666666666666,23-09 04:20:10
33.92033333333333,1806112085.3333333,1073563.6666666667,2852626.0,0.0,0.0,23-09 04:20:11
34.08733333333333,1806112085.3333333,754.0,347094.3333333333,0.0,2730.6666666666665,23-09 04:20:12
38.719666666666676,1806303232.0,708506.3333333334,19169.0,0.0,13653.333333333334,23-09 04:20:13
49.91866666666667,1804343978.6666667,2842691.3333333335,1187705.6666666667,0.0,13653.333333333334,23-09 04:20:14
49.998333333333335,1798680576.0,2935527.3333333335,2913938.0,0.0,10922.666666666666,23-09 04:20:15
50.083666666666666,1798411605.3333333,3308068.6666666665,3033282.3333333335,0.0,0.0,23-09 04:20:16
39.52266666666667,1798530389.3333333,3117708.6666666665,3326740.0,0.0,9557.333333333334,23-09 04:20:17
29.882666666666665,1798448469.3333333,2960996.6666666665,2980016.6666666665,0.0,10922.666666666666,23-09 04:20:18
17.253,1798483968.0,2760562.6666666665,3031672.6666666665,0.0,0.0,23-09 04:20:19
16.412,1798163114.6666667,2604493.6666666665,2606432.6666666665,0.0,21845.333333333332,23-09 04:20:20
17.216666666666665,1801822208.0,2100084.3333333335,2201382.0,0.0,1365.3333333333333,23-09 04:20:21
33.75233333333333,1802264576.0,1238564.3333333333,2695840.3333333335,0.0,32768.0,23-09 04:20:22
33.583666666666666,1802190848.0,1158.6666666666667,569514.6666666666,0.0,42325.333333333336,23-09 04:20:23
38.55233333333333,1802532181.3333333,813081.3333333334,4140.0,0.0,0.0,23-09 04:20:24
50.586333333333336,1802671445.3333333,2650895.0,1337806.6666666667,0.0,0.0,23-09 04:20:25
50.75466666666666,1802641408.0,2777798.0,2703690.6666666665,0.0,91477.33333333333,23-09 04:20:26
50.333333333333336,1802687829.3333333,3232154.3333333335,2845706.3333333335,0.0,1365.3333333333333,23-09 04:20:27
44.417,1802564949.3333333,3288670.6666666665,3216543.3333333335,0.0,4096.0,23-09 04:20:28
33.583666666666666,1802594986.6666667,2709311.3333333335,3132038.0,0.0,0.0,23-09 04:20:29
23.885,1802678272.0,2839108.0,2851041.0,0.0,10922.666666666666,23-09 04:20:30
17.334333333333333,1802599082.6666667,2819635.0,2766077.6666666665,0.0,20480.0,23-09 04:20:31
18.581333333333333,1802870784.0,2495304.6666666665,2692915.0,0.0,23210.666666666668,23-09 04:20:32
34.511,1802805248.0,937477.3333333334,2665798.0,0.0,0.0,23-09 04:20:33
33.66666666666667,1802756096.0,1077.3333333333333,331437.0,0.0,21845.333333333332,23-09 04:20:34
38.35933333333333,1802986837.3333333,738034.6666666666,5199.333333333333,0.0,23210.666666666668,23-09 04:20:35
49.665,1802975914.6666667,3009075.3333333335,1284081.6666666667,0.0,38229.333333333336,23-09 04:20:36
50.16833333333333,1803000490.6666667,2856994.0,3052407.3333333335,0.0,55978.666666666664,23-09 04:20:37
50.50266666666666,1802899456.0,3130040.0,2877885.0,0.0,0.0,23-09 04:20:38
37.939,1802960896.0,3259155.6666666665,3162938.0,0.0,10922.666666666666,23-09 04:20:39
33.66766666666667,1802947242.6666667,2954620.6666666665,3111853.6666666665,0.0,0.0,23-09 04:20:40
19.968,1802809344.0,2889541.0,3027023.6666666665,0.0,5461.333333333333,23-09 04:20:41
16.005,1802619562.6666667,2444200.0,2778973.0,0.0,30037.333333333332,23-09 04:20:42
4.497,1084803754.6666667,11026.666666666666,1994077.3333333333,90112.0,0.0,23-09 04:20:43
22.749666666666666,1850964650.6666667,2960701.3333333335,5465.333333333333,0.0,20480.0,23-09 04:12:35
22.052999999999997,1850826752.0,2669924.6666666665,13914.666666666666,0.0,17749.333333333332,23-09 04:12:36
16.666666666666668,1850542762.6666667,1903501.6666666667,6346.0,0.0,0.0,23-09 04:12:37
17.5,1850567338.6666667,263.0,1093.0,0.0,34133.333333333336,23-09 04:12:38
29.837666666666667,1851453440.0,1830178.6666666667,20799.333333333332,0.0,30037.333333333332,23-09 04:12:39
50.166666666666664,1851449344.0,5211330.333333333,9903.333333333334,0.0,0.0,23-09 04:12:40
49.916333333333334,1851303253.3333333,5212093.666666667,9032.666666666666,0.0,21845.333333333332,23-09 04:12:41
50.583666666666666,1851392000.0,5677061.333333333,9709.333333333334,0.0,0.0,23-09 04:12:42
49.917,1851292330.6666667,5675871.0,10021.333333333334,0.0,46421.333333333336,23-09 04:12:43
41.45666666666666,1851375616.0,5328950.333333333,10278.0,0.0,50517.333333333336,23-09 04:12:44
33.582,1851458901.3333333,4825169.333333333,9672.333333333334,0.0,46421.333333333336,23-09 04:12:45
33.24966666666666,1851274581.3333333,4926923.666666667,9843.333333333334,0.0,17749.333333333332,23-09 04:12:46
20.771333333333338,1850966016.0,2838511.6666666665,6223.333333333333,0.0,0.0,23-09 04:12:47
17.127333333333333,1847548586.6666667,993401.0,24263.333333333332,94208.0,0.0,23-09 04:12:48
50.41866666666667,1840465237.3333333,5876728.0,8930.0,0.0,5461.333333333333,23-09 03:58:33
41.290666666666674,1840360106.6666667,6082483.666666667,11542.333333333334,0.0,0.0,23-09 03:58:34
33.666666666666664,1840294570.6666667,5516230.666666667,9504.0,0.0,0.0,23-09 03:58:35
34.00366666666667,1840259072.0,5827817.666666667,9363.333333333334,0.0,23210.666666666668,23-09 03:58:36
32.166666666666664,1839850837.3333333,5027803.333333333,8702.0,0.0,10922.666666666666,23-09 03:58:37
14.341,1838561962.6666667,1611222.3333333333,23761.0,40960.0,31402.666666666668,23-09 03:58:38
7.480999999999999,753284437.3333334,89417.66666666667,6059.333333333333,107861.33333333333,0.0,23-09 03:58:39
