,0.705321809,,,,,,,65318.12766,1776217676,,,,121104.4202,19260.48138
system,total cpu usage,,,,,,dsk/total,,memory usage,,,,net/total,
date/time,usr,sys,idl,wai,hiq,siq,read,writ,used,buff,cach,free,recv,send
2019/10/10 1:30,39.599,3.008,57.393,0,0,0,0,352256,1689870336,90722304,2412732416,4196597760,3207,1914
2019/10/10 1:30,29.648,2.261,68.09,0,0,0,0,172032,1726406656,90722304,2412732416,4160061440,18780,653023
2019/10/10 1:30,0.754,0,99.246,0,0,0,0,0,1726681088,90722304,2412740608,4159778816,5315,10894
2019/10/10 1:30,0.251,0.503,99.246,0,0,0,0,0,1726578688,90722304,2412748800,4159873024,3179,2984
2019/10/10 1:30,0.251,0.251,99.497,0,0,0,0,0,1726578688,90722304,2412748800,4159873024,5256,4521
2019/10/10 1:30,0.754,0,98.744,0.503,0,0,0,106496,1726574592,90722304,2412752896,4159873024,4073,2493
2019/10/10 1:30,0.501,0.501,98.997,0,0,0,0,8192,1726586880,90722304,2412756992,4159856640,7385,3908
2019/10/10 1:30,1.005,0.251,98.744,0,0,0,0,0,1726578688,90722304,2412756992,4159864832,9704,15033
2019/10/10 1:30,0.501,0.251,99.248,0,0,0,0,0,1726685184,90722304,2412777472,4159737856,3243,3441
2019/10/10 1:30,0.501,0.251,99.248,0,0,0,0,49152,1722621952,90722304,2412777472,4163801088,4571,2332
2019/10/10 1:30,0.252,0,99.748,0,0,0,0,0,1722605568,90722304,2412777472,4163817472,3484,2150
2019/10/10 1:30,0.75,0.5,98.25,0.5,0,0,0,106496,1722597376,90722304,2412777472,4163825664,5408,14937
2019/10/10 1:30,0.252,0,99.748,0,0,0,0,0,1722580992,90722304,2412777472,4163842048,5037,9661
2019/10/10 1:30,1.003,0.251,98.496,0,0,0.251,0,16384,1724661760,90722304,2412777472,4161761280,8539,18149
2019/10/10 1:30,0.501,0.251,99.248,0,0,0,0,24576,1724653568,90722304,2412777472,4161769472,4545,18904
2019/10/10 1:30,0.503,0.251,99.246,0,0,0,0,0,1724649472,90722304,2412781568,4161769472,11260,18375
2019/10/10 1:30,0.251,0.251,99.248,0.251,0,0,0,65536,1724637184,90722304,2412785664,4161777664,4447,23624
2019/10/10 1:30,0.501,0.251,99.248,0,0,0,0,0,1724633088,90722304,2412789760,4161777664,3504,2696
2019/10/10 1:30,0.251,0.251,99.499,0,0,0,0,0,1724628992,90722304,2412793856,4161777664,4533,2362
2019/10/10 1:30,0.501,0.251,99.248,0,0,0,0,65536,1724628992,90722304,2412793856,4161777664,3895,2303
2019/10/10 1:30,0.252,0,99.748,0,0,0,0,0,1724502016,90722304,2412793856,4161904640,5203,3110
2019/10/10 1:30,0.251,0.251,98.997,0.501,0,0,0,81920,1724497920,90722304,2412797952,4161904640,4814,2661
2019/10/10 1:30,0.251,0.251,99.499,0,0,0,0,0,1724493824,90722304,2412802048,4161904640,3388,2869
2019/10/10 1:30,0.503,0.251,99.246,0,0,0,0,0,1724493824,90722304,2412802048,4161904640,2976,2247
2019/10/10 1:30,0.499,0.499,99.002,0,0,0,0,0,1724493824,90722304,2412802048,4161904640,5403,2651
2019/10/10 1:30,0.504,0,99.496,0,0,0,0,0,1724477440,90722304,2412802048,4161921024,6407,3021
2019/10/10 1:30,0.501,0.251,98.997,0.251,0,0,0,49152,1724469248,90722304,2412810240,4161921024,3118,2540
2019/10/10 1:30,0.501,0,99.499,0,0,0,0,0,1724461056,90722304,2412810240,4161929216,4325,2753
2019/10/10 1:31,0.251,0.501,99.248,0,0,0,0,0,1724456960,90722304,2412814336,4161929216,3238,2289
2019/10/10 1:31,0.75,0.5,98.75,0,0,0,0,434176,1724456960,90722304,2412814336,4161929216,2641,2011
2019/10/10 1:31,0.503,0.251,99.246,0,0,0,0,0,1724583936,90722304,2412814336,4161802240,4272,2367
2019/10/10 1:31,0.252,0,99.748,0,0,0,0,8192,1724440576,90722304,2412814336,4161945600,4194,2962
2019/10/10 1:31,0.499,0.499,98.005,0.998,0,0,0,90112,1724440576,90722304,2412814336,4161945600,2644,2043
2019/10/10 1:31,0.501,0.501,98.997,0,0,0,0,0,1724440576,90722304,2412814336,4161945600,4275,2351
2019/10/10 1:31,0.251,0.251,99.497,0,0,0,0,10731520,1724694528,90722304,2412814336,4161691648,3242,2813
2019/10/10 1:31,0.5,0.5,99,0,0,0,0,0,1724694528,90722304,2412814336,4161691648,3458,2657
2019/10/10 1:31,0.251,0.251,99.497,0,0,0,0,0,1724694528,90722304,2412814336,4161691648,4275,2335
2019/10/10 1:31,0.5,0.25,98.75,0.5,0,0,0,188416,1724694528,90722304,2412814336,4161691648,3242,2269
2019/10/10 1:31,0.253,0,99.747,0,0,0,0,0,1724694528,90722304,2412814336,4161691648,2644,2043
2019/10/10 1:31,0.5,0.5,99,0,0,0,0,8192,1724563456,90722304,2412818432,4161818624,4275,2335
2019/10/10 1:31,0.251,0.251,99.497,0,0,0,0,0,1724563456,90722304,2412818432,4161818624,3242,2301
2019/10/10 1:31,0.252,0,99.748,0,0,0,0,0,1724563456,90722304,2412818432,4161818624,2776,2077
2019/10/10 1:31,0.748,0.249,99.002,0,0,0,0,0,1724563456,90722304,2412818432,4161818624,4275,2335
2019/10/10 1:31,0.503,0.251,98.744,0.503,0,0,0,57344,1724563456,90722304,2412818432,4161818624,3242,2285
2019/10/10 1:31,0.501,0.251,99.248,0,0,0,0,0,1724563456,90722304,2412818432,4161818624,2644,2027
2019/10/10 1:31,0.503,0.251,99.246,0,0,0,0,0,1724563456,90722304,2412818432,4161818624,4407,2945
2019/10/10 1:31,0.5,0.25,99.25,0,0,0,0,0,1724432384,90722304,2412822528,4161945600,3284,2311
2019/10/10 1:31,0.251,0.251,99.497,0,0,0,0,0,1724432384,90722304,2412822528,4161945600,2644,2011
2019/10/10 1:31,0.504,0,98.489,1.008,0,0,0,81920,1724432384,90722304,2412822528,4161945600,4275,2335
2019/10/10 1:31,0.251,0.251,99.499,0,0,0,0,49152,1724432384,90722304,2412822528,4161945600,3242,2301
2019/10/10 1:31,1.253,0.251,98.496,0,0,0,0,229376,1724432384,90722304,2412822528,4161945600,26365,15746
2019/10/10 1:31,0.752,0.251,98.997,0,0,0,0,8192,1724542976,90722304,2412838912,4161818624,4852,2608
2019/10/10 1:31,8.291,1.508,89.95,0.251,0,0,0,172032,1754054656,90722304,2412838912,4132306944,28683,668423
2019/10/10 1:31,0.501,0,99.499,0,0,0,0,0,1754021888,90722304,2412855296,4132323328,1544,1216
2019/10/10 1:31,0.503,0.503,98.492,0.503,0,0,0,122880,1754021888,90722304,2412855296,4132323328,5511,3250
2019/10/10 1:31,0.752,0.251,98.997,0,0,0,0,0,1754021888,90722304,2412855296,4132323328,4070,3807
2019/10/10 1:31,1,0.5,98.25,0,0,0.25,0,49152,1755971584,90722304,2412859392,4130369536,7504,5220
2019/10/10 1:31,0.501,0.251,99.248,0,0,0,0,0,1756123136,90722304,2412867584,4130209792,4891,3506
2019/10/10 1:31,0.754,0.251,98.995,0,0,0,0,0,1756102656,90722304,2412888064,4130209792,10424,16440
2019/10/10 1:31,0.252,0.252,99.244,0.252,0,0,0,65536,1756229632,90722304,2412888064,4130082816,3170,2011
2019/10/10 1:31,0.251,0.251,99.499,0,0,0,0,0,1756229632,90722304,2412888064,4130082816,5932,12063
2019/10/10 1:31,0.5,0.5,99,0,0,0,0,16384,1756086272,90722304,2412888064,4130226176,4738,3160
2019/10/10 1:31,0.501,0,99.499,0,0,0,0,0,1755910144,90722304,2412888064,4130402304,3389,2457
2019/10/10 1:31,0.5,0.5,99,0,0,0,0,0,1755901952,90722304,2412896256,4130402304,5703,2711
2019/10/10 1:31,0.252,0,98.489,1.259,0,0,0,368640,1755897856,90722304,2412900352,4130402304,4057,2561
2019/10/10 1:31,0.501,0.501,98.997,0,0,0,0,0,1755770880,90722304,2412900352,4130529280,12621,37005
2019/10/10 1:31,0.5,0.25,99.25,0,0,0,0,0,1755779072,90722304,2412900352,4130521088,6036,45073
2019/10/10 1:31,0.252,0,99.748,0,0,0,0,0,1755746304,90722304,2412900352,4130553856,3519,2161
2019/10/10 1:31,0.5,0.5,99,0,0,0,0,0,1755619328,90722304,2412900352,4130680832,3461,2819
2019/10/10 1:31,0,0,99.496,0.504,0,0,0,73728,1755619328,90722304,2412900352,4130680832,4564,2335
2019/10/10 1:31,0.251,0.251,99.499,0,0,0,0,0,1755619328,90722304,2412900352,4130680832,3477,2151
2019/10/10 1:31,0.501,0.251,99.248,0,0,0,0,0,1755619328,90722304,2412900352,4130680832,3065,1889
2019/10/10 1:31,0.501,0.251,99.248,0,0,0,0,0,1755611136,90722304,2412900352,4130689024,9292,3754
2019/10/10 1:31,0.251,0.251,99.497,0,0,0,0,16384,1755598848,90722304,2412912640,4130689024,8817,5823
2019/10/10 1:31,1.003,0.501,98.496,0,0,0,0,221184,1755586560,90722304,2412924928,4130689024,25792,14500
2019/10/10 1:31,0.251,0.251,98.995,0.503,0,0,0,73728,1755439104,90722304,2412945408,4130816000,5698,3382
2019/10/10 1:31,3.526,1.008,95.466,0,0,0,0,172032,1781170176,90722304,2412945408,4105084928,24397,657312
2019/10/10 1:31,0.5,0.25,99.25,0,0,0,0,0,1781399552,90722304,2412969984,4104830976,4503,11182
2019/10/10 1:31,0.501,0.251,99.248,0,0,0,0,0,1781399552,90722304,2412969984,4104830976,4119,2348
2019/10/10 1:31,0.251,0.251,99.497,0,0,0,0,65536,1781399552,90722304,2412969984,4104830976,4931,4353
2019/10/10 1:31,0.501,0.251,98.747,0.501,0,0,0,122880,1781399552,90722304,2412969984,4104830976,7631,5125
2019/10/10 1:31,0.501,0.251,99.248,0,0,0,0,0,1783656448,90722304,2412969984,4102574080,5932,4610
2019/10/10 1:31,0.752,0.251,98.997,0,0,0,0,0,1783644160,90722304,2412982272,4102574080,10507,16046
2019/10/10 1:31,0.251,0.251,99.499,0,0,0,0,0,1783631872,90722304,2412994560,4102574080,3160,2011
2019/10/10 1:31,0.5,0.25,99.25,0,0,0,0,98304,1783627776,90722304,2412998656,4102574080,4554,2335
2019/10/10 1:31,0.251,0.251,99.497,0,0,0,0,0,1783627776,90722304,2412998656,4102574080,3467,2151
2019/10/10 1:31,0.503,0.251,98.995,0.251,0,0,0,73728,1783611392,90722304,2412998656,4102590464,6989,27769
2019/10/10 1:31,0.503,0,99.497,0,0,0,0,0,1783578624,90722304,2412998656,4102623232,7355,7749
2019/10/10 1:32,1.005,0.251,98.744,0,0,0,0,81920,1783574528,90722304,2413002752,4102623232,10348,28104
2019/10/10 1:32,0.251,0.251,99.497,0,0,0,0,16384,1783603200,90722304,2413006848,4102590464,4657,14842
2019/10/10 1:32,0.748,0.499,98.753,0,0,0,0,0,1783734272,90722304,2413010944,4102455296,12801,51493
2019/10/10 1:32,0.503,0,98.995,0.503,0,0,0,81920,1783844864,90722304,2413010944,4102344704,4750,3347
2019/10/10 1:32,0.251,0.251,99.497,0,0,0,0,0,1783824384,90722304,2413015040,4102361088,3861,2831
2019/10/10 1:32,0.5,0.25,99,0,0,0.25,0,0,1783820288,90722304,2413019136,4102361088,4714,2797
2019/10/10 1:32,0.501,0.251,99.248,0,0,0,0,172032,1783693312,90722304,2413019136,4102488064,3531,2343
2019/10/10 1:32,0.251,0.251,99.499,0,0,0,0,0,1783693312,90722304,2413019136,4102488064,4453,2650
2019/10/10 1:32,0.251,0.251,99.246,0.251,0,0,0,90112,1783693312,90722304,2413019136,4102488064,4905,2572
2019/10/10 1:32,0.5,0.5,99,0,0,0,0,0,1783558144,90722304,2413027328,4102615040,3409,2656
2019/10/10 1:32,0.501,0.251,99.248,0,0,0,0,0,1783558144,90722304,2413027328,4102615040,3536,2284
2019/10/10 1:32,0.503,0,99.497,0,0,0,0,114688,1783529472,90722304,2413031424,4102639616,4634,2701
2019/10/10 1:32,0,0,100,0,0,0,0,0,1783529472,90722304,2413031424,4102639616,3899,2565
2019/10/10 1:32,0.5,0.25,99.25,0,0,0,0,0,1783529472,90722304,2413031424,4102639616,2773,2031
2019/10/10 1:32,0.503,0.251,93.719,5.528,0,0,0,81920,1783529472,90722304,2413031424,4102639616,8408,4511
2019/10/10 1:32,0.501,0.251,99.248,0,0,0,0,0,1783508992,90722304,2413035520,4102656000,5554,3963
2019/10/10 1:32,0.251,0,99.749,0,0,0,0,0,1783500800,90722304,2413043712,4102656000,3030,2512
2019/10/10 1:32,1.504,0.752,97.744,0,0,0,0,0,1789808640,90722304,2413043712,4096348160,4255,2375
2019/10/10 1:32,0.251,0.251,99.497,0,0,0,0,0,1789804544,90722304,2413047808,4096348160,3222,2309
2019/10/10 1:32,0.251,0.251,98.995,0.503,0,0,0,81920,1789804544,90722304,2413047808,4096348160,2624,2011
2019/10/10 1:32,0.5,0.5,99,0,0,0,0,8192,1789800448,90722304,2413051904,4096348160,5229,3044
2019/10/10 1:32,0.251,0.251,99.497,0,0,0,0,16384,1789800448,90726400,2413047808,4096348160,3168,2135
2019/10/10 1:32,0.252,0.252,99.496,0,0,0,0,0,1789796352,90726400,2413051904,4096348160,3438,2657
2019/10/10 1:32,0.752,0.251,98.997,0,0,0,0,0,1789923328,90726400,2413051904,4096221184,4255,2335
2019/10/10 1:32,0.251,0.251,97.99,1.508,0,0,0,114688,1789923328,90726400,2413051904,4096221184,3222,2285
2019/10/10 1:32,0.251,0,99.749,0,0,0,0,0,1789923328,90726400,2413051904,4096221184,2624,2027
2019/10/10 1:32,0.501,0.251,99.248,0,0,0,0,40960,1789923328,90726400,2413051904,4096221184,4255,2879
2019/10/10 1:32,0.251,0.251,99.497,0,0,0,0,0,1789915136,90726400,2413051904,4096229376,3222,2301
2019/10/10 1:32,0.251,0.251,99.497,0,0,0,0,0,1789898752,90726400,2413051904,4096245760,2624,2011
2019/10/10 1:32,0.752,0.251,98.246,0.752,0,0,0,73728,1789898752,90726400,2413051904,4096245760,4255,2335
2019/10/10 1:32,0.251,0.251,99.497,0,0,0,0,0,1789898752,90726400,2413051904,4096245760,3354,2367
2019/10/10 1:32,0.251,0.251,99.497,0,0,0,0,24576,1789898752,90726400,2413051904,4096245760,2624,2011
2019/10/10 1:32,0.501,0.251,99.248,0,0,0,0,0,1789898752,90726400,2413051904,4096245760,4387,2433
2019/10/10 1:32,0.503,0.251,97.739,1.508,0,0,0,204800,1789882368,90726400,2413051904,4096262144,3222,2285
2019/10/10 1:32,0.501,0.251,99.248,0,0,0,0,0,1789882368,90726400,2413051904,4096262144,2624,2027
2019/10/10 1:32,0.5,0.5,99,0,0,0,0,0,1789882368,90726400,2413051904,4096262144,4255,2335
2019/10/10 1:32,0.251,0.251,99.497,0,0,0,0,49152,1789882368,90726400,2413051904,4096262144,3222,2269
2019/10/10 1:32,0.251,0.251,99.497,0,0,0,0,8192,1789882368,90726400,2413051904,4096262144,3754,3404
2019/10/10 1:32,0.754,0,98.492,0.503,0,0.251,0,311296,1789882368,90726400,2413051904,4096262144,27052,15338
2019/10/10 1:32,3.518,0.754,95.729,0,0,0,0,163840,1790312448,90726400,2413068288,4095815680,23630,556894
2019/10/10 1:32,3.258,0.501,96.241,0,0,0,0,16384,1790328832,90726400,2413084672,4095782912,9372,115243
2019/10/10 1:32,0.501,0.251,99.248,0,0,0,0,16384,1790328832,90726400,2413084672,4095782912,3175,1458
2019/10/10 1:32,0.503,0.251,99.246,0,0,0,0,0,1790328832,90726400,2413084672,4095782912,5426,4874
2019/10/10 1:32,0.503,0.251,98.995,0.251,0,0,0,122880,1790324736,90726400,2413088768,4095782912,6295,3515
2019/10/10 1:32,0.504,0,99.496,0,0,0,0,0,1790337024,90726400,2413092864,4095766528,5509,3030
2019/10/10 1:32,0.752,0.501,98.747,0,0,0,0,0,1790320640,90726400,2413109248,4095766528,10800,16543
2019/10/10 1:32,0.503,0.251,99.246,0,0,0,0,147456,1790201856,90726400,2413117440,4095877120,11132021,3470
2019/10/10 1:32,0.252,0,99.748,0,0,0,0,0,1790070784,90726400,2413121536,4096004096,32347549,2674
2019/10/10 1:32,0.501,0.251,99.248,0,0,0,0,0,1790070784,90726400,2413121536,4096004096,3467,2118
2019/10/10 1:32,0.251,0.501,98.997,0.251,0,0,0,49152,1790070784,90726400,2413121536,4096004096,6643,25268
2019/10/10 1:32,0.503,0.251,99.246,0,0,0,0,0,1790021632,90726400,2413121536,4096053248,6220,8086
2019/10/10 1:32,0.503,0.251,99.246,0,0,0,0,49152,1790021632,90726400,2413121536,4096053248,8979,28970
2019/10/10 1:32,0.251,0.251,99.497,0,0,0,0,0,1790021632,90726400,2413121536,4096053248,4920,14818
2019/10/10 1:32,0.501,0.251,99.248,0,0,0,0,0,1790021632,90726400,2413121536,4096053248,11221,36531
2019/10/10 1:32,0.503,0,98.995,0.503,0,0,0,81920,1789997056,90726400,2413129728,4096069632,6212,17397
2019/10/10 1:32,0.503,0.503,98.995,0,0,0,0,0,1789997056,90726400,2413129728,4096069632,3944,2718
2019/10/10 1:32,0.501,0.251,99.248,0,0,0,0,81920,1789968384,90726400,2413133824,4096094208,4590,2688
2019/10/10 1:32,0.504,0.504,98.992,0,0,0,0,0,1789964288,90726400,2413137920,4096094208,3429,2171
2019/10/10 1:32,0.501,0,99.499,0,0,0,0,0,1789964288,90726400,2413137920,4096094208,2939,2201
2019/10/10 1:32,0.251,0.251,99.497,0,0,0,0,0,1789964288,90726400,2413137920,4096094208,4570,2485
2019/10/10 1:33,0.251,0.251,99.246,0.251,0,0,0,65536,1789964288,90726400,2413137920,4096094208,6677,3147
2019/10/10 1:33,0.75,0.25,99,0,0,0,0,16384,1789816832,90726400,2413142016,4096237568,3298,3181
2019/10/10 1:33,0.251,0.251,99.497,0,0,0,0,0,1789812736,90726400,2413146112,4096237568,4458,2693
2019/10/10 1:33,0.251,0,99.749,0,0,0,0,0,1789812736,90726400,2413146112,4096237568,3635,2441
2019/10/10 1:33,0.5,0.25,99,0,0,0.25,0,0,1789812736,90726400,2413146112,4096237568,9444,5469
2019/10/10 1:33,0.503,0.251,98.995,0.251,0,0,0,57344,1789812736,90726400,2413146112,4096237568,5285,2335
2019/10/10 1:33,0.251,0.251,99.499,0,0,0,0,155648,1789800448,90726400,2413158400,4096237568,3221,3002
2019/10/10 1:33,0.251,0.251,99.499,0,0,0,0,0,1789775872,90726400,2413158400,4096262144,2678,2273
2019/10/10 1:33,0.252,0,99.748,0,0,0,0,0,1789775872,90726400,2413158400,4096262144,4255,2335
2019/10/10 1:33,0.25,0.5,99.25,0,0,0,0,0,1789775872,90726400,2413158400,4096262144,3168,2119
2019/10/10 1:33,0.251,0,99.749,0,0,0,0,0,1789775872,90726400,2413158400,4096262144,2678,2263
2019/10/10 1:33,0.251,0.501,98.997,0.251,0,0,0,90112,1789775872,90726400,2413158400,4096262144,5230,3130
2019/10/10 1:33,0.503,0,99.497,0,0,0,0,0,1789775872,90726400,2413158400,4096262144,3168,2679
2019/10/10 1:33,0.5,0.25,99.25,0,0,0,0,0,1789775872,90726400,2413158400,4096262144,3493,2775
2019/10/10 1:33,0.251,0.251,99.497,0,0,0,0,0,1789775872,90726400,2413158400,4096262144,4255,2335
2019/10/10 1:33,0.501,0.251,99.248,0,0,0,0,0,1789775872,90726400,2413158400,4096262144,3168,2119
2019/10/10 1:33,0.501,0.251,97.494,1.754,0,0,0,73728,1789771776,90726400,2413162496,4096262144,2678,2177
2019/10/10 1:33,0.503,0.251,99.246,0,0,0,0,0,1789767680,90726400,2413166592,4096262144,4255,2351
2019/10/10 1:33,0.501,0.251,99.248,0,0,0,0,0,1789779968,90726400,2413170688,4096245760,3168,2119
2019/10/10 1:33,0.75,1,98.25,0,0,0,0,0,1791021056,90726400,2413170688,4095004672,3063,2545
2019/10/10 1:33,0,0,100,0,0,0,0,0,1791258624,90726400,2413170688,4094767104,4297,2419
2019/10/10 1:33,0.75,0.5,98.25,0.5,0,0,0,204800,1790242816,90726400,2413170688,4095782912,3300,2185
2019/10/10 1:33,0.251,0.251,99.499,0,0,0,0,0,1790222336,90726400,2413158400,4095815680,2678,2193
2019/10/10 1:33,0.504,0,99.496,0,0,0,0,0,1790222336,90726400,2413158400,4095815680,4387,2401
2019/10/10 1:33,0.251,0,99.749,0,0,0,0,0,1790222336,90726400,2413158400,4095815680,3210,2705
2019/10/10 1:33,0.25,0.5,99.25,0,0,0,0,0,1790222336,90726400,2413158400,4095815680,2678,2161
2019/10/10 1:33,0.499,0.499,98.504,0.499,0,0,0,147456,1790205952,90726400,2413158400,4095832064,4255,2335
2019/10/10 1:33,0.251,0,99.749,0,0,0,0,0,1790173184,90726400,2413158400,4095864832,3168,2151
2019/10/10 1:33,0.252,0,99.748,0,0,0,0,0,1790144512,90726400,2413162496,4095889408,2678,2161
2019/10/10 1:33,0.748,0.499,98.753,0,0,0,0,24576,1790144512,90726400,2413162496,4095889408,8748,4769
2019/10/10 1:33,0.756,0.252,98.992,0,0,0,0,204800,1790140416,90726400,2413166592,4095889408,22556,13523
2019/10/10 1:33,6.03,0.754,92.714,0.503,0,0,0,262144,1790423040,90726400,2413178880,4095594496,30784,671012
2019/10/10 1:33,0.503,0.251,99.246,0,0,0,0,0,1790435328,90726400,2413199360,4095561728,3175,1540
2019/10/10 1:33,0.503,0.251,99.246,0,0,0,0,0,1790291968,90726400,2413199360,4095705088,3630,2255
2019/10/10 1:33,0.251,0.251,99.499,0,0,0,0,0,1790291968,90726400,2413199360,4095705088,3208,3465
2019/10/10 1:33,0.501,0.501,98.997,0,0,0,0,40960,1790291968,90726400,2413199360,4095705088,9584,6060
2019/10/10 1:33,0.752,0.251,98.747,0.251,0,0,0,122880,1790308352,90726400,2413199360,4095688704,5241,4133
2019/10/10 1:33,0.752,0.251,98.997,0,0,0,0,0,1790300160,90726400,2413223936,4095672320,9031,15966
2019/10/10 1:33,0.251,0.251,99.497,0,0,0,0,0,1790296064,90726400,2413228032,4095672320,4968,2488
2019/10/10 1:33,0.501,0,99.499,0,0,0,0,0,1790296064,90726400,2413228032,4095672320,3467,2272
2019/10/10 1:33,0.503,0.251,99.246,0,0,0,0,0,1790296064,90726400,2413228032,4095672320,3607,4472
2019/10/10 1:33,0.501,0.501,98.997,0,0,0,0,16384,1790296064,90726400,2413228032,4095672320,7106,22542
2019/10/10 1:33,0.251,0.251,98.995,0.503,0,0,0,65536,1789992960,90726400,2413228032,4095975424,5153,7813
2019/10/10 1:33,0.503,0.251,99.246,0,0,0,0,16384,1789992960,90726400,2413228032,4095975424,9502,38916
2019/10/10 1:33,0.501,0.251,99.248,0,0,0,0,0,1789861888,90726400,2413232128,4096102400,7658,7705
2019/10/10 1:33,0.501,0.251,98.997,0,0,0.251,0,0,1789857792,90726400,2413236224,4096102400,8693,28041
2019/10/10 1:33,0.251,0.503,99.246,0,0,0,0,8192,1789849600,90726400,2413236224,4096110592,4655,20266
2019/10/10 1:33,0.503,0,99.246,0.251,0,0,0,81920,1789829120,90726400,2413240320,4096126976,5898,6583
2019/10/10 1:33,0.251,0.251,99.497,0,0,0,0,0,1789825024,90726400,2413244416,4096126976,3429,2241
2019/10/10 1:33,0.503,0.251,99.246,0,0,0,0,0,1789825024,90726400,2413244416,4096126976,2939,2181
2019/10/10 1:33,0.251,0,99.749,0,0,0,0,0,1789825024,90726400,2413244416,4096126976,4570,2505
2019/10/10 1:33,0.501,0.251,99.248,0,0,0,0,16384,1789820928,90726400,2413248512,4096126976,5119,2556
2019/10/10 1:33,0.251,0.251,98.997,0.501,0,0,0,49152,1789685760,90726400,2413248512,4096262144,3545,2533
2019/10/10 1:33,0.5,0.25,99.25,0,0,0,0,0,1789681664,90726400,2413252608,4096262144,4766,2674
2019/10/10 1:33,0.251,0.251,99.497,0,0,0,0,0,1789677568,90726400,2413256704,4096262144,3317,2315
2019/10/10 1:33,0.251,0.251,99.497,0,0,0,0,0,1789669376,90726400,2413256704,4096270336,3037,2313
2019/10/10 1:33,0.503,0.251,99.246,0,0,0,0,81920,1785352192,90726400,2413256704,4100587520,9886,5048
2019/10/10 1:33,0.251,0.251,97.744,1.754,0,0,0,90112,1785384960,90726400,2413207552,4100603904,3585,1977
2019/10/10 1:33,0.251,0.251,94.724,4.774,0,0,0,0,1785372672,90726400,2413219840,4100603904,2569,2278
2019/10/10 1:33,0.501,0.251,99.248,0,0,0,0,0,1785372672,90726400,2413219840,4100603904,4201,2041
2019/10/10 1:34,0.501,0.251,99.248,0,0,0,0,0,1785372672,90726400,2413219840,4100603904,3114,1745
2019/10/10 1:34,0.251,0.251,99.499,0,0,0,0,180224,1785372672,90726400,2413219840,4100603904,2612,1829
2019/10/10 1:34,0.251,0.251,99.497,0,0,0,0,8192,1785364480,90726400,2413219840,4100612096,5230,2654
2019/10/10 1:34,0.501,0.251,98.997,0.251,0,0,0,73728,1785348096,90726400,2413219840,4100628480,3114,1761
2019/10/10 1:34,0.251,0.251,99.497,0,0,0,0,0,1785348096,90726400,2413219840,4100628480,2570,1803
2019/10/10 1:34,0.752,0.251,98.997,0,0,0,0,0,1785348096,90726400,2413219840,4100628480,4701,2575
2019/10/10 1:34,0.251,0.251,99.499,0,0,0,0,114688,1785348096,90726400,2413219840,4100628480,2646,1172
2019/10/10 1:34,0.503,0.251,99.246,0,0,0,0,0,1785348096,90726400,2413219840,4100628480,2570,1653
2019/10/10 1:34,0.251,0.251,99.497,0,0,0,0,0,1785348096,90726400,2413219840,4100628480,4255,2111
2019/10/10 1:34,0.501,0,98.496,1.003,0,0,0,73728,1785348096,90726400,2413219840,4100628480,3114,1745
2019/10/10 1:34,0.752,0.251,98.997,0,0,0,0,0,1785348096,90726400,2413219840,4100628480,2570,1653
2019/10/10 1:34,0.251,0,99.749,0,0,0,0,8192,1785348096,90726400,2413219840,4100628480,4255,2111
2019/10/10 1:34,0.251,0.251,99.497,0,0,0,0,0,1785348096,90726400,2413219840,4100628480,3246,1827
2019/10/10 1:34,0.5,0.25,99.25,0,0,0,0,0,1785348096,90726400,2413219840,4100628480,2570,1637
2019/10/10 1:34,0.251,0.501,99.248,0,0,0,0,0,1785348096,90726400,2413219840,4100628480,4255,2111
2019/10/10 1:34,0.503,0.251,98.995,0.251,0,0,0,40960,1785348096,90726400,2413219840,4100628480,3246,1811
2019/10/10 1:34,0.252,0,99.748,0,0,0,0,8192,1785348096,90726400,2413219840,4100628480,2570,1653
2019/10/10 1:34,0.748,0.499,98.753,0,0,0,0,0,1785348096,90726400,2413219840,4100628480,4255,2127
2019/10/10 1:34,0.251,0,99.749,0,0,0,0,0,1785356288,90726400,2413228032,4100612096,3114,1745
2019/10/10 1:34,0.251,0.251,99.499,0,0,0,0,0,1785356288,90726400,2413228032,4100612096,2570,1637
2019/10/10 1:34,0.251,0.251,99.499,0,0,0,0,0,1785356288,90726400,2413228032,4100612096,4255,2111
2019/10/10 1:34,0.5,0.25,98.75,0.5,0,0,0,73728,1785356288,90726400,2413228032,4100612096,4011,2848
2019/10/10 1:34,0.752,0.501,98.747,0,0,0,0,229376,1785483264,90726400,2413228032,4100485120,25771,14911
2019/10/10 1:34,0.754,0.251,98.995,0,0,0,0,8192,1785364480,90726400,2413236224,4100595712,4860,2220
2019/10/10 1:34,3.258,0.752,95.739,0.251,0,0,0,172032,1785061376,90726400,2413244416,4100890624,31317,669998
2019/10/10 1:34,0.251,0.251,99.499,0,0,0,0,0,1785139200,90726400,2413264896,4100792320,1490,826
2019/10/10 1:34,0.251,0.251,98.995,0.503,0,0,0,106496,1785139200,90726400,2413264896,4100792320,6093,2935
2019/10/10 1:34,0.501,0.251,99.248,0,0,0,0,24576,1785139200,90726400,2413264896,4100792320,4621,4109
2019/10/10 1:34,0.504,0,99.496,0,0,0,0,16384,1785122816,90726400,2413264896,4100808704,5770,3131
2019/10/10 1:34,0.503,0.251,99.246,0,0,0,0,0,1784991744,90726400,2413285376,4100919296,6750,7768
2019/10/10 1:34,0.5,0.5,99,0,0,0,0,0,1785122816,90726400,2413297664,4100775936,10941,16168
2019/10/10 1:34,0.251,0,98.241,1.508,0,0,0,163840,1785122816,90726400,2413297664,4100775936,3045,1637
2019/10/10 1:34,0.251,0.251,99.499,0,0,0,0,0,1785249792,90726400,2413297664,4100648960,5868,11673
2019/10/10 1:34,0.501,0.501,98.997,0,0,0,0,0,1785249792,90726400,2413297664,4100648960,3999,4923
2019/10/10 1:34,0.251,0.251,99.499,0,0,0,0,0,1785249792,90726400,2413297664,4100648960,3133,1901
2019/10/10 1:34,0.251,0.251,99.248,0,0,0.251,0,0,1785073664,90726400,2413297664,4100825088,4500,1961
2019/10/10 1:34,0.251,0.251,99.499,0,0,0,0,131072,1785073664,90726400,2413297664,4100825088,3413,1745
2019/10/10 1:34,0.503,0,98.995,0.503,0,0,0,90112,1785073664,90726400,2413297664,4100825088,12687,23215
2019/10/10 1:34,0.501,0.501,98.997,0,0,0,0,0,1784930304,90726400,2413297664,4100968448,12743,81041
2019/10/10 1:34,0.251,0.251,99.499,0,0,0,0,0,1784926208,90726400,2413301760,4100968448,4661,5648
2019/10/10 1:34,0.251,0.251,99.499,0,0,0,0,0,1784909824,90726400,2413301760,4100984832,3547,1987
2019/10/10 1:34,0.503,0,99.497,0,0,0,0,16384,1784909824,90726400,2413301760,4100984832,4732,2003
2019/10/10 1:34,0.501,0.251,97.243,2.005,0,0,0,57344,1784909824,90726400,2413301760,4100984832,4686,2313
2019/10/10 1:34,0.251,0,96.985,2.764,0,0,0,8192,1784905728,90726400,2413305856,4100984832,3081,2049
2019/10/10 1:34,0.5,0.25,99.25,0,0,0,0,0,1784901632,90726400,2413309952,4100984832,4517,2675
2019/10/10 1:34,0.251,0.251,99.499,0,0,0,0,0,1784901632,90726400,2413309952,4100984832,3430,1935
2019/10/10 1:34,0.251,0.251,99.499,0,0,0,0,0,1784901632,90726400,2413309952,4100984832,2832,1637
2019/10/10 1:34,0.251,0.251,99.497,0,0,0,0,0,1784901632,90726400,2413309952,4100984832,5614,2450
2019/10/10 1:34,0.503,0,98.241,1.256,0,0,0,40960,1784897536,90726400,2413314048,4100984832,6493,3529
2019/10/10 1:34,0.251,0.251,99.497,0,0,0,0,0,1784893440,90726400,2413318144,4100984832,5739,3272
2019/10/10 1:34,0.251,0.251,99.499,0,0,0,0,0,1784893440,90726400,2413318144,4100984832,7319,3971
2019/10/10 1:34,0.501,0.251,99.248,0,0,0,0,40960,1784881152,90726400,2413330432,4100984832,3345,2286
2019/10/10 1:34,0.503,0,99.497,0,0,0,0,0,1785008128,90726400,2413330432,4100857856,2624,2019
2019/10/10 1:34,0.251,0.501,97.744,1.504,0,0,0,81920,1785327616,90726400,2413330432,4100538368,4201,1981
2019/10/10 1:34,0.251,0,99.749,0,0,0,0,0,1785200640,90726400,2413330432,4100665344,3114,1761
2019/10/10 1:34,0.25,0.5,99.25,0,0,0,0,0,1785176064,90726400,2413330432,4100689920,2624,1787
2019/10/10 1:34,0.251,0.251,99.497,0,0,0,0,32768,1785176064,90726400,2413330432,4100689920,4201,1961
2019/10/10 1:34,0.501,0.251,99.248,0,0,0,0,0,1785176064,90726400,2413330432,4100689920,3928,2375
2019/10/10 1:34,0.251,0.251,99.497,0,0,0,0,8192,1785176064,90726400,2413330432,4100689920,3599,2464
2019/10/10 1:34,0.499,0.499,97.506,1.496,0,0,0,49152,1785171968,90726400,2413334528,4100689920,4201,1977
2019/10/10 1:35,1.253,0.251,98.496,0,0,0,0,57344,1785171968,90726400,2413334528,4100689920,5808,3723
2019/10/10 1:35,0.503,0.251,99.246,0,0,0,0,24576,1785483264,90726400,2413342720,4100370432,2624,1803
2019/10/10 1:35,0.5,0.25,99.25,0,0,0,0,0,1785483264,90726400,2413342720,4100370432,4201,1977
2019/10/10 1:35,0.501,0.251,99.248,0,0,0,0,0,1785741312,90726400,2413342720,4100112384,3114,1745
2019/10/10 1:35,0.251,0.251,99.497,0,0,0,0,0,1785614336,90726400,2413342720,4100239360,2822,1985
2019/10/10 1:35,0.503,0.251,97.236,2.01,0,0,0,73728,1785614336,90726400,2413342720,4100239360,4399,2267
2019/10/10 1:35,0.251,0.251,99.497,0,0,0,0,114688,1785614336,90726400,2413342720,4100239360,3114,1848
2019/10/10 1:35,0.251,0,99.749,0,0,0,0,0,1785614336,90726400,2413342720,4100239360,2756,2397
2019/10/10 1:35,0.251,0.251,99.248,0,0,0.251,0,0,1785487360,90726400,2413342720,4100366336,4333,2201
2019/10/10 1:35,0.25,0.25,99.5,0,0,0,0,0,1785487360,90726400,2413342720,4100366336,3114,1745
2019/10/10 1:35,0.501,0.251,99.248,0,0,0,0,0,1785487360,90726400,2413342720,4100366336,2624,1787
2019/10/10 1:35,0.251,0.251,98.496,1.003,0,0,0,188416,1785581568,90726400,2413342720,4100272128,4201,1961
2019/10/10 1:35,0.252,0,99.748,0,0,0,0,0,1785581568,90726400,2413342720,4100272128,3114,1761
2019/10/10 1:35,0.251,0.501,99.248,0,0,0,0,0,1785524224,90726400,2413342720,4100329472,2624,1787
2019/10/10 1:35,0.752,0.251,98.997,0,0,0,0,0,1785397248,90726400,2413342720,4100456448,4201,1961
2019/10/10 1:35,0.504,0.252,99.244,0,0,0,0,0,1785397248,90726400,2413342720,4100456448,3114,1745
2019/10/10 1:35,0.5,0.25,99.25,0,0,0,0,0,1785397248,90726400,2413342720,4100456448,2624,1787
2019/10/10 1:35,1.253,0.501,97.494,0.752,0,0,0,286720,1785634816,90726400,2413342720,4100218880,28590,15786
2019/10/10 1:35,0.251,0.251,99.499,0,0,0,0,8192,1785810944,90726400,2413359104,4100026368,3690,2004
2019/10/10 1:35,2.764,0.251,96.985,0,0,0,0,65536,1785982976,90726400,2413363200,4099850240,17309,551017
2019/10/10 1:35,2.015,0.252,97.733,0,0,0,0,106496,1786073088,90726400,2413375488,4099747840,15862,120196
2019/10/10 1:35,0.251,0,99.749,0,0,0,0,40960,1786105856,90726400,2413383680,4099706880,2076,1043
2019/10/10 1:35,0.501,0.251,99.248,0,0,0,0,0,1786232832,90726400,2413383680,4099579904,4786,4112
2019/10/10 1:35,1.25,0.5,97,1,0,0.25,0,131072,1786114048,90726400,2413383680,4099698688,8910,4420
2019/10/10 1:35,0.752,0.251,98.997,0,0,0,0,0,1786093568,90726400,2413387776,4099715072,4607,3387
2019/10/10 1:35,0.754,0,99.246,0,0,0,0,0,1786101760,90726400,2413412352,4099682304,11336,20419
2019/10/10 1:35,0.251,0.251,99.497,0,0,0,0,40960,1786105856,90726400,2413416448,4099674112,4737,2135
2019/10/10 1:35,0.251,0.251,99.499,0,0,0,0,0,1786105856,90726400,2413416448,4099674112,3413,1935
2019/10/10 1:35,0.501,0.251,98.747,0.501,0,0,0,57344,1786089472,90726400,2413416448,4099690496,4823,14411
2019/10/10 1:35,0.5,0.25,99.25,0,0,0,0,16384,1786089472,90726400,2413416448,4099690496,5806,3127
2019/10/10 1:35,0.251,0.251,99.497,0,0,0,0,0,1786068992,90726400,2413420544,4099706880,4459,2598
2019/10/10 1:35,0.251,0.251,99.499,0,0,0,0,24576,1785905152,90726400,2413424640,4099866624,2903,1963
2019/10/10 1:35,0.251,0,99.749,0,0,0,0,0,1785905152,90726400,2413424640,4099866624,7391,5562
2019/10/10 1:35,0.503,0.251,99.246,0,0,0,0,0,1785901056,90726400,2413428736,4099866624,16477,89231
2019/10/10 1:35,0.251,0.251,98.995,0.503,0,0,0,73728,1785901056,90726400,2413428736,4099866624,3789,13389
2019/10/10 1:35,0.25,0.5,99.25,0,0,0,0,0,1785741312,90726400,2413428736,4100026368,5160,2307
2019/10/10 1:35,0.251,0,99.749,0,0,0,0,155648,1785741312,90726400,2413428736,4100026368,3413,1745
2019/10/10 1:35,0.251,0.251,99.499,0,0,0,0,0,1785868288,90726400,2413428736,4099899392,2869,1653
2019/10/10 1:35,0.251,0,99.749,0,0,0,0,0,1785868288,90726400,2413428736,4099899392,4500,1961
2019/10/10 1:35,0.5,0.25,99.25,0,0,0,0,0,1785741312,90726400,2413428736,4100026368,3735,1811
2019/10/10 1:35,0.251,0.251,99.246,0.251,0,0,0,90112,1785737216,90726400,2413432832,4100026368,2961,2066
2019/10/10 1:35,0.251,0.251,99.499,0,0,0,0,57344,1785737216,90726400,2413432832,4100026368,4782,2127
2019/10/10 1:35,0.501,0,99.499,0,0,0,0,0,1785737216,90726400,2413432832,4100026368,4539,4481
2019/10/10 1:35,0.503,0.251,99.246,0,0,0,0,0,1785729024,90726400,2413432832,4100034560,4805,12496
2019/10/10 1:35,0.501,0.251,99.248,0,0,0,0,0,1785729024,90726400,2413432832,4100034560,10077,5115
2019/10/10 1:35,0.5,0.5,98.5,0.5,0,0,0,49152,1785720832,90726400,2413441024,4100034560,10117,5744
2019/10/10 1:35,0.252,0,99.748,0,0,0,0,8192,1785708544,90726400,2413453312,4100034560,3285,2296
2019/10/10 1:35,0.251,0.251,99.499,0,0,0,0,0,1785704448,90726400,2413457408,4100034560,4255,2434
2019/10/10 1:35,0.251,0.251,99.499,0,0,0,0,0,1785704448,90726400,2413457408,4100034560,3168,1995
2019/10/10 1:35,0.251,0.251,99.499,0,0,0,0,0,1785704448,90726400,2413457408,4100034560,2570,1657
2019/10/10 1:35,2.261,0.251,97.487,0,0,0,0,0,1789259776,90726400,2413457408,4096479232,4201,1961
2019/10/10 1:35,0.5,0.25,94.25,5,0,0,0,212992,1789386752,90726400,2413457408,4096352256,3168,1895
2019/10/10 1:35,0.251,0.251,99.497,0,0,0,0,0,1786593280,90726400,2413457408,4099145728,2570,1653
2019/10/10 1:35,0.501,0.251,99.248,0,0,0,0,0,1786593280,90726400,2413457408,4099145728,4466,2603
2019/10/10 1:35,0.501,0,99.499,0,0,0,0,0,1786593280,90726400,2413457408,4099145728,3168,1895
2019/10/10 1:35,0.251,0.251,99.499,0,0,0,0,8192,1786576896,90726400,2413457408,4099162112,3544,2262
2019/10/10 1:35,0.251,0.503,99.246,0,0,0,0,0,1786449920,90726400,2413457408,4099289088,4201,2029
2019/10/10 1:35,0.25,0.25,99,0.5,0,0,0,40960,1786449920,90726400,2413457408,4099289088,3168,1895
2019/10/10 1:35,0.251,0.251,99.497,0,0,0,0,0,1786449920,90726400,2413457408,4099289088,2570,1653
2019/10/10 1:35,0.501,0.251,99.248,0,0,0,0,0,1786449920,90726400,2413457408,4099289088,4201,1961
2019/10/10 1:36,0.251,0.251,99.497,0,0,0,0,0,1786449920,90726400,2413457408,4099289088,3168,1895
2019/10/10 1:36,0.5,0.25,99.25,0,0,0,0,49152,1786417152,90726400,2413457408,4099321856,2570,1637
2019/10/10 1:36,0.251,0.251,99.499,0,0,0,0,0,1786417152,90726400,2413457408,4099321856,4243,2019
2019/10/10 1:36,0.503,6.03,81.407,12.06,0,0,0,122880,1786961920,90726400,2413457408,4098777088,6246,5439
2019/10/10 1:36,0.501,0,99.499,0,0,0,0,0,1786617856,90726400,2413465600,4099112960,2570,1610
2019/10/10 1:36,0.251,0.501,99.248,0,0,0,0,0,1786617856,90726400,2413465600,4099112960,4333,2027
2019/10/10 1:36,0.251,0.251,99.497,0,0,0,0,65536,1786490880,90726400,2413465600,4099239936,3168,1895
2019/10/10 1:36,0.251,0.251,99.499,0,0,0,0,0,1786490880,90726400,2413465600,4099239936,2570,1653
2019/10/10 1:36,0.5,0.25,99.25,0,0,0,0,0,1786454016,90726400,2413469696,4099272704,4201,1961
2019/10/10 1:36,0.251,0.251,98.492,0.754,0,0.251,0,122880,1786327040,90726400,2413469696,4099399680,3168,1895
2019/10/10 1:36,0.251,0.251,99.499,0,0,0,0,0,1786318848,90726400,2413469696,4099407872,2570,1653
2019/10/10 1:36,0.251,0,99.749,0,0,0,0,8192,1786302464,90726400,2413469696,4099424256,4201,1961
2019/10/10 1:36,0.251,0.251,99.499,0,0,0,0,0,1786294272,90726400,2413469696,4099432448,3168,1911
2019/10/10 1:36,0.251,0.251,99.499,0,0,0,0,0,1786294272,90726400,2413469696,4099432448,2570,1637
2019/10/10 1:36,0.251,0.501,99.248,0,0,0,0,0,1786277888,90726400,2413469696,4099448832,4201,1961
2019/10/10 1:36,0.501,0.251,96.742,2.506,0,0,0,32768,1786269696,90726400,2413469696,4099457024,3168,1895
2019/10/10 1:36,0.754,0.503,98.492,0.251,0,0,0,286720,1786318848,90726400,2413469696,4099407872,26497,15892
2019/10/10 1:36,0.75,0.25,99,0,0,0,0,8192,1786261504,90726400,2413477888,4099457024,4673,2286
2019/10/10 1:36,4.798,0.758,94.444,0,0,0,0,163840,1786400768,90726400,2413490176,4099305472,27534,657760
2019/10/10 1:36,0.75,0.25,99,0,0,0,0,0,1786421248,90726400,2413502464,4099272704,5191,11939
2019/10/10 1:36,0.75,0.25,98.75,0.25,0,0,0,81920,1786306560,90726400,2413506560,4099383296,3121,1308
2019/10/10 1:36,0.251,0.251,99.497,0,0,0,0,24576,1786306560,90726400,2413506560,4099383296,5372,4593
2019/10/10 1:36,1.003,0.251,98.747,0,0,0,0,49152,1786306560,90726400,2413506560,4099383296,7516,4273
2019/10/10 1:36,0.754,0.251,98.995,0,0,0,0,0,1786331136,90726400,2413514752,4099350528,6439,4384
2019/10/10 1:36,0.503,0.251,99.246,0,0,0,0,0,1786327040,90726400,2413518848,4099350528,4237,2944
2019/10/10 1:36,0.501,0.251,99.248,0,0,0,0,0,1786322944,90726400,2413522944,4099350528,2814,1637
2019/10/10 1:36,0.25,0.5,98.75,0.5,0,0,0,49152,1786195968,90726400,2413522944,4099477504,4255,1961
2019/10/10 1:36,0.501,0.251,99.248,0,0,0,0,0,1786195968,90726400,2413522944,4099477504,3168,1761
2019/10/10 1:36,0.503,0,99.497,0,0,0,0,0,1786179584,90726400,2413522944,4099493888,6728,17491
2019/10/10 1:36,0.251,0.251,99.499,0,0,0,0,0,1786146816,90726400,2413522944,4099526656,4453,2159
2019/10/10 1:36,0.251,0.251,99.499,0,0,0,0,0,1786130432,90726400,2413522944,4099543040,3168,1745
2019/10/10 1:36,0.25,0.5,99.25,0,0,0,0,172032,1786130432,90726400,2413522944,4099543040,1769,1173
2019/10/10 1:36,0.251,0.251,98.997,0.501,0,0,0,40960,1786003456,90726400,2413522944,4099670016,4255,1868
2019/10/10 1:36,0.251,0.251,99.497,0,0,0,0,16384,1785860096,90726400,2413522944,4099813376,5885,3316
2019/10/10 1:36,0.501,0.251,99.248,0,0,0,0,0,1785839616,90726400,2413527040,4099829760,2740,1829
2019/10/10 1:36,0.251,0.251,99.497,0,0,0,0,0,1785835520,90726400,2413531136,4099829760,5411,2339
2019/10/10 1:36,0.251,0.251,99.497,0,0,0,0,73728,1785835520,90726400,2413531136,4099829760,5538,6775
2019/10/10 1:36,0.251,0,99.749,0,0,0,0,0,1785835520,90726400,2413531136,4099829760,2605,1673
2019/10/10 1:36,0.499,0.499,98.005,0.998,0,0,0,90112,1785835520,90726400,2413531136,4099829760,4218,1961
2019/10/10 1:36,1.005,0.251,98.744,0,0,0,0,0,1785835520,90726400,2413531136,4099829760,3131,2391
2019/10/10 1:36,0.251,0,99.749,0,0,0,0,0,1785835520,90726400,2413531136,4099829760,2587,1637
2019/10/10 1:36,0,0.251,99.749,0,0,0,0,32768,1785835520,90726400,2413531136,4099829760,5114,2586
2019/10/10 1:36,0.251,0.251,99.499,0,0,0,0,8192,1785831424,90726400,2413535232,4099829760,3832,2715
2019/10/10 1:36,0.5,0.25,99.25,0,0,0,0,0,1785823232,90726400,2413535232,4099837952,2761,1761
2019/10/10 1:36,0.251,0.251,98.995,0.503,0,0,0,81920,1785823232,90726400,2413535232,4099837952,7576,3243
2019/10/10 1:36,0.252,0.252,99.496,0,0,0,0,16384,1785819136,90726400,2413539328,4099837952,7002,2774
2019/10/10 1:36,1.253,1.003,97.744,0,0,0,0,270336,1786990592,90726400,2413539328,4098666496,22526,13757
2019/10/10 1:36,0.251,0.251,99.497,0,0,0,0,8192,1787023360,90726400,2413551616,4098621440,4691,2260
,,,,,,,,,,,,,,
,,,,,,,,,,,,,,
,,,,,,,,,,,,,,
,,,,,,,,,,,,,,
,,,,,,,,,,,,,,
,,,,,,,,,,,,,,
,,,,,,,,,,,,,,
,,,,,,,,,,,,,,
,,,,,,,,,,,,,,
,,,,,,,,,,,,,,
,,,,,,,,,,,,,,
,,,,,,,,,,,,,,
,,,,,,,,,,,,,,
,,,,,,,,,,,,,,
,,,,,,,,,,,,,,
,,,,,,,,,,,,,,
,,,,,,,,,,,,,,
,,,,,,,,,,,,,,
,,,,,,,,,,,,,,
,,,,,,,,,,,,,,
,,,,,,,,,,,,,,
,,,,,,,,,,,,,,
,,,,,,,,,,,,,,
